date,ticker,open,high,low,close,volume,side
2026-03-02,ADM,69.5,70.48,68.27,69.61,3032700,WATCH
2026-03-02,BG,120.79,121.16,118.75,120.61,1084200,WATCH
2026-03-02,CF,107.6,107.8,102.54,104.3,5259200,LONG
2026-03-02,CORN,17.92,17.92,17.76,17.83,142100,LONG
2026-03-02,DBA,26.04,26.05,25.91,25.99,249600,LONG
2026-03-02,DIA,483.2958,489.9215,483.1062,488.1254,7218500,BENCHMARK
2026-03-02,GLD,490.1,492.15,483.28,490.0,19916600,WATCH
2026-03-02,MOS,28.7575,28.7773,26.9428,27.28,8420900,LONG
2026-03-02,NTR,77.4396,77.4396,74.1434,75.1958,6071800,LONG
2026-03-02,PDBA,34.7,34.72,34.53,34.66,12200,LONG
2026-03-02,QQQ,598.1058,609.1519,597.2369,607.3242,75264600,BENCHMARK
2026-03-02,SLV,81.17,82.37,78.34,81.57,96957600,WATCH
2026-03-02,SPY,676.8515,686.7445,676.1734,684.5106,87477200,BENCHMARK
2026-03-02,UNG,11.93,12.04,11.72,12.0,17168300,SHORT
2026-03-02,VIXY,29.61,29.67,27.76,28.22,5620500,WATCH
2026-03-02,WEAT,22.42,22.42,21.95,21.99,459500,LONG
2026-03-02,XLY,113.8014,115.498,113.492,115.1886,18205600,SHORT
2026-03-02,^VIX,24.66,25.24,20.37,21.44,0,WATCH
2026-03-03,ADM,68.44,68.65,67.17,67.99,3012000,WATCH
2026-03-03,BG,117.94,118.03,115.62,116.62,1322600,WATCH
2026-03-03,CF,106.35,109.59,104.09,106.3,5441100,LONG
2026-03-03,CORN,17.99,18.05,17.82,17.89,160400,LONG
2026-03-03,DBA,26.05,26.07,25.86,26.02,632100,LONG
2026-03-03,DIA,479.1248,486.3393,475.7022,484.4733,11570700,BENCHMARK
2026-03-03,GLD,472.83,473.2,458.93,468.14,22591500,WATCH
2026-03-03,MOS,26.5263,27.0916,25.7727,26.5561,7900800,LONG
2026-03-03,NTR,74.5406,75.1958,72.4954,73.8853,4467700,LONG
2026-03-03,PDBA,34.67,34.75,34.48,34.735,14700,LONG
2026-03-03,QQQ,595.5791,603.1995,591.1247,600.8224,97015500,BENCHMARK
2026-03-03,SLV,74.21,76.14,71.68,74.68,89651700,WATCH
2026-03-03,SPY,673.2214,680.7509,667.8361,678.4771,105003100,BENCHMARK
2026-03-03,UNG,12.78,12.83,12.04,12.28,20735500,SHORT
2026-03-03,VIXY,30.51,32.59,28.78,29.53,10414800,WATCH
2026-03-03,WEAT,22.23,22.23,21.78,21.85,421000,LONG
2026-03-03,XLY,112.8733,114.5399,111.5858,114.1307,20773100,SHORT
2026-03-03,^VIX,24.57,28.15,22.18,23.57,0,WATCH
2026-03-04,ADM,68.3,68.5,66.72,67.22,2453500,WATCH
2026-03-04,BG,117.49,117.49,114.05,115.01,982200,WATCH
2026-03-04,CF,106.0,107.0,100.41,104.71,3627300,LONG
2026-03-04,CORN,17.76,17.8,17.68,17.79,66600,LONG
2026-03-04,DBA,25.99,26.12,25.99,26.12,259800,LONG
2026-03-04,DIA,485.511,487.9757,482.9067,486.6885,7590700,BENCHMARK
2026-03-04,GLD,474.82,476.42,469.39,471.8,9985900,WATCH
2026-03-04,MOS,26.4767,26.685,25.4058,25.7925,10268500,LONG
2026-03-04,NTR,73.5974,74.4016,71.7309,73.0613,3228400,LONG
2026-03-04,PDBA,34.63,34.84,34.63,34.83,27300,LONG
2026-03-04,QQQ,603.3992,612.1082,602.6701,609.9809,70943900,BENCHMARK
2026-03-04,SLV,76.34,77.06,74.41,75.34,39022500,WATCH
2026-03-04,SPY,679.7735,685.2187,677.769,683.264,79182200,BENCHMARK
2026-03-04,UNG,11.85,11.95,11.64,11.78,12522600,SHORT
2026-03-04,VIXY,29.23,29.52,28.03,28.53,4356900,WATCH
2026-03-04,WEAT,21.71,21.79,21.61,21.79,753100,LONG
2026-03-04,XLY,114.8593,116.3962,114.6497,116.1567,11496700,SHORT
2026-03-04,^VIX,24.39,24.87,20.4,21.15,0,WATCH
2026-03-05,ADM,67.02,67.07,65.96,66.53,2873900,WATCH
2026-03-05,BG,115.15,115.15,111.72,113.2,1957300,WATCH
2026-03-05,CF,106.0,113.77,106.0,110.78,8204100,LONG
2026-03-05,CORN,17.9,18.21,17.9,18.19,389600,LONG
2026-03-05,DBA,26.19,26.42,26.16,26.41,1279600,LONG
2026-03-05,DIA,482.7769,484.4433,475.1235,478.8055,8758600,BENCHMARK
2026-03-05,GLD,470.45,470.67,463.91,466.13,11674800,WATCH
2026-03-05,MOS,25.7826,27.1808,25.5644,26.0603,10684500,LONG
2026-03-05,NTR,72.7237,74.2526,72.4755,73.8555,4113000,LONG
2026-03-05,PDBA,34.975,35.22,34.94,35.2,140100,LONG
2026-03-05,QQQ,606.6351,611.9883,601.5015,608.1431,89602400,BENCHMARK
2026-03-05,SLV,74.94,75.52,73.01,74.27,49446300,WATCH
2026-03-05,SPY,680.2223,683.6629,673.7699,679.4544,106606500,BENCHMARK
2026-03-05,UNG,11.9,12.26,11.76,12.05,12980600,SHORT
2026-03-05,VIXY,29.37,31.68,28.91,30.35,7284000,WATCH
2026-03-05,WEAT,21.91,22.4,21.91,22.35,1082500,LONG
2026-03-05,XLY,115.6876,116.8453,115.2884,116.3163,14880400,SHORT
2026-03-05,^VIX,22.11,25.84,20.55,23.75,0,WATCH
2026-03-06,ADM,66.94,68.03,65.5,67.44,3399100,WATCH
2026-03-06,BG,113.36,117.47,112.29,116.67,2631700,WATCH
2026-03-06,CF,112.0,120.49,111.88,115.78,8230500,LONG
2026-03-06,CORN,18.37,18.56,18.3,18.52,943400,LONG
2026-03-06,DBA,26.61,26.76,26.57,26.71,3532700,LONG
2026-03-06,DIA,472.6987,475.2033,469.4457,474.2055,8206100,BENCHMARK
2026-03-06,GLD,469.04,475.46,467.07,473.51,10489800,WATCH
2026-03-06,MOS,26.3974,26.9131,25.7925,26.09,9676700,LONG
2026-03-06,NTR,74.888,76.9134,73.786,75.6624,6778700,LONG
2026-03-06,PDBA,35.47,36.07,35.44,35.65,446300,LONG
2026-03-06,QQQ,599.554,605.2368,597.5765,598.9947,86302300,BENCHMARK
2026-03-06,SLV,75.09,76.97,74.58,75.94,40550700,WATCH
2026-03-06,SPY,671.5759,674.2685,667.9358,670.5487,100687000,BENCHMARK
2026-03-06,UNG,12.53,13.19,12.4,12.75,26319100,SHORT
2026-03-06,VIXY,32.72,34.59,31.82,34.45,10391300,WATCH
2026-03-06,WEAT,23.0,23.63,22.96,23.61,2215300,LONG
2026-03-06,XLY,114.5499,114.7595,113.4122,114.2106,16348500,SHORT
2026-03-06,^VIX,23.2,29.93,22.92,29.49,0,WATCH
2026-03-09,ADM,67.51,68.74,66.31,67.92,3646300,WATCH
2026-03-09,BG,116.67,119.84,115.68,118.79,2408800,WATCH
2026-03-09,CF,116.7,121.8,109.71,111.04,10270400,LONG
2026-03-09,CORN,18.62,18.73,18.16,18.2,1105000,LONG
2026-03-09,DBA,26.83,26.84,26.51,26.55,1904500,LONG
2026-03-09,DIA,469.8648,478.3465,465.6739,476.8497,10305600,BENCHMARK
2026-03-09,GLD,468.09,472.68,464.79,472.53,8829800,WATCH
2026-03-09,MOS,26.25,27.26,25.38,26.92,11434800,LONG
2026-03-09,NTR,76.4666,77.519,75.1045,75.2653,6859200,LONG
2026-03-09,PDBA,35.75,35.83,35.39,35.43,313400,LONG
2026-03-09,QQQ,593.4816,608.5027,590.5853,606.9946,93068200,BENCHMARK
2026-03-09,SLV,76.43,78.56,75.24,78.26,34865500,WATCH
2026-03-09,SPY,664.5751,678.0682,660.586,676.4227,102667700,BENCHMARK
2026-03-09,UNG,13.09,13.26,12.25,12.31,29248900,SHORT
2026-03-09,VIXY,34.91,36.2,30.63,31.17,12874500,WATCH
2026-03-09,WEAT,23.69,23.77,22.77,22.98,3475600,LONG
2026-03-09,XLY,112.7136,114.6996,110.7675,114.3603,16278500,SHORT
2026-03-09,^VIX,35.12,35.3,24.76,25.5,0,WATCH
2026-03-10,ADM,68.49,69.85,67.09,69.39,5133600,WATCH
2026-03-10,BG,123.04,123.98,117.98,119.75,2515500,WATCH
2026-03-10,CF,110.2,112.67,106.71,110.05,7349600,LONG
2026-03-10,CORN,18.18,18.28,17.96,18.27,1298300,LONG
2026-03-10,DBA,26.59,26.64,26.47,26.61,752000,LONG
2026-03-10,DIA,476.71,481.829,473.9859,476.6701,6265600,BENCHMARK
2026-03-10,GLD,479.74,481.31,474.21,477.86,9616800,WATCH
2026-03-10,MOS,26.73,26.92,26.05,26.48,8100200,LONG
2026-03-10,NTR,74.9079,76.2879,74.6101,75.5433,3038000,LONG
2026-03-10,PDBA,35.41,35.57,35.36,35.53,77100,LONG
2026-03-10,QQQ,607.0146,612.5176,604.6576,607.0046,64078900,BENCHMARK
2026-03-10,SLV,80.89,81.28,78.73,80.09,37263700,WATCH
2026-03-10,SPY,675.8741,681.4988,672.9222,675.3356,81505300,BENCHMARK
2026-03-10,UNG,12.19,12.38,11.92,12.27,14643100,SHORT
2026-03-10,VIXY,31.31,32.77,29.74,32.68,6100300,WATCH
2026-03-10,WEAT,22.98,23.03,22.38,22.73,1173700,LONG
2026-03-10,XLY,114.3802,115.498,113.7215,114.2106,11784400,SHORT
2026-03-10,^VIX,24.39,26.01,22.19,24.93,0,WATCH
2026-03-11,ADM,68.93,71.43,68.91,70.83,5839200,WATCH
2026-03-11,BG,119.79,123.52,117.86,122.72,2558000,WATCH
2026-03-11,CF,113.32,120.5,112.5,120.13,6385200,LONG
2026-03-11,CORN,18.43,18.57,18.3,18.52,749300,LONG
2026-03-11,DBA,26.77,26.78,26.62,26.7,2688500,LONG
2026-03-11,DIA,476.3708,476.74,471.4414,473.7863,6701700,BENCHMARK
2026-03-11,GLD,476.13,477.45,473.13,476.24,7522900,WATCH
2026-03-11,MOS,27.26,29.23,27.22,29.15,14473200,LONG
2026-03-11,NTR,76.278,78.7402,75.866,78.7402,6477800,LONG
2026-03-11,PDBA,35.74,35.74,35.53,35.63,47900,LONG
2026-03-11,QQQ,608.1832,611.6588,604.2681,606.9247,60114800,BENCHMARK
2026-03-11,SLV,78.03,78.06,76.45,77.91,30665400,WATCH
2026-03-11,SPY,675.7346,678.2278,671.5061,674.488,68441700,BENCHMARK
2026-03-11,UNG,12.55,12.94,12.38,12.88,10224600,SHORT
2026-03-11,VIXY,32.13,32.71,31.14,31.19,5803200,WATCH
2026-03-11,WEAT,23.05,23.09,22.59,22.85,1063000,LONG
2026-03-11,XLY,114.5998,115.468,113.3423,113.9112,10959300,SHORT
2026-03-11,^VIX,24.9,26.23,23.75,24.23,0,WATCH
2026-03-12,ADM,71.5,73.72,70.52,72.5,5544300,WATCH
2026-03-12,BG,123.61,127.15,121.43,125.83,3732100,WATCH
2026-03-12,CF,128.02,137.44,126.59,136.0,14110400,LONG
2026-03-12,CORN,18.73,18.84,18.55,18.59,1079600,LONG
2026-03-12,DBA,26.81,26.87,26.71,26.75,2333000,LONG
2026-03-12,DIA,469.326,470.4635,466.4023,466.4722,8000200,BENCHMARK
2026-03-12,GLD,475.02,475.02,466.6,466.88,11900600,WATCH
2026-03-12,MOS,31.05,32.25,30.28,31.36,28170200,LONG
2026-03-12,NTR,81.5399,84.7368,81.5101,83.3369,11136100,LONG
2026-03-12,PDBA,35.65,35.849,35.62,35.66,470600,LONG
2026-03-12,QQQ,602.0009,603.3792,596.2981,596.5079,71836600,BENCHMARK
2026-03-12,SLV,78.53,78.54,76.36,76.48,29762300,WATCH
2026-03-12,SPY,669.332,669.8207,664.0564,664.2459,108882200,BENCHMARK
2026-03-12,UNG,13.04,13.13,12.67,13.04,14057900,SHORT
2026-03-12,VIXY,32.7,33.47,32.21,33.32,6178500,WATCH
2026-03-12,WEAT,23.12,23.42,22.86,22.92,2010600,LONG
2026-03-12,XLY,112.8932,113.2026,111.2465,111.2964,12088200,SHORT
2026-03-12,^VIX,25.48,27.33,24.6,27.29,0,WATCH
2026-03-13,ADM,73.5,73.7,71.4,71.98,4379200,WATCH
2026-03-13,BG,126.33,127.24,124.02,124.73,2094100,WATCH
2026-03-13,CF,132.1,133.38,125.03,129.57,7694300,LONG
2026-03-13,CORN,18.49,18.69,18.33,18.67,1126500,LONG
2026-03-13,DBA,26.7,26.83,26.6,26.75,4488500,LONG
2026-03-13,DIA,468.9269,471.0822,464.7758,465.4045,7471700,BENCHMARK
2026-03-13,GLD,469.31,470.1,460.22,460.84,11741600,WATCH
2026-03-13,MOS,31.25,31.34,29.11,29.31,18706900,LONG
2026-03-13,NTR,84.0219,84.7467,81.669,82.2547,5541600,LONG
2026-03-13,PDBA,35.63,35.79,35.485,35.72,68600,LONG
2026-03-13,QQQ,598.9747,602.8399,591.8238,592.9723,63145500,BENCHMARK
2026-03-13,SLV,76.07,76.28,71.92,72.69,46251900,WATCH
2026-03-13,SPY,667.4472,670.5089,659.5587,660.4862,97200200,BENCHMARK
2026-03-13,UNG,12.77,12.82,12.51,12.64,11989600,SHORT
2026-03-13,VIXY,32.49,34.0,31.92,33.88,5918200,WATCH
2026-03-13,WEAT,22.97,23.46,22.77,23.43,1370400,LONG
2026-03-13,XLY,111.9451,112.2645,110.498,110.6377,11708600,SHORT
2026-03-13,^VIX,27.85,28.47,24.67,27.19,0,WATCH
2026-03-16,ADM,71.9,72.15,70.36,70.75,4235500,WATCH
2026-03-16,BG,123.58,125.4,120.44,123.62,1516400,WATCH
2026-03-16,CF,123.93,126.99,121.02,122.33,7658800,LONG
2026-03-16,CORN,18.53,18.54,18.13,18.26,918500,LONG
2026-03-16,DBA,26.71,26.76,26.44,26.45,2304300,LONG
2026-03-16,DIA,469.0566,471.6809,467.9689,469.2861,7059900,BENCHMARK
2026-03-16,GLD,461.27,462.8,456.91,460.43,8964100,WATCH
2026-03-16,MOS,28.62,28.72,27.66,27.67,15738900,LONG
2026-03-16,NTR,80.1003,80.3386,76.7992,77.2311,5291000,LONG
2026-03-16,PDBA,35.68,35.69,35.26,35.33,167800,LONG
2026-03-16,QQQ,599.2843,603.0995,598.3555,599.6239,49077200,BENCHMARK
2026-03-16,SLV,73.26,73.96,72.01,73.22,37193100,WATCH
2026-03-16,SPY,666.5596,670.2396,665.3031,667.2079,82023100,BENCHMARK
2026-03-16,UNG,12.51,12.61,12.05,12.21,10991300,SHORT
2026-03-16,VIXY,32.71,32.72,31.3,31.33,5278500,WATCH
2026-03-16,WEAT,23.19,23.25,22.77,22.85,1082800,LONG
2026-03-16,XLY,111.5659,112.6437,111.3962,111.9751,9307600,SHORT
2026-03-16,^VIX,25.88,26.42,23.23,23.51,0,WATCH
2026-03-17,ADM,71.37,73.13,70.99,72.12,3915800,WATCH
2026-03-17,BG,125.23,128.46,124.41,125.96,1794300,WATCH
2026-03-17,CF,123.58,127.46,122.45,123.29,5329700,LONG
2026-03-17,CORN,18.28,18.38,18.09,18.33,1392900,LONG
2026-03-17,DBA,26.6,26.68,26.53,26.62,1186200,LONG
2026-03-17,DIA,472.3594,474.1057,469.6154,469.8848,6189400,BENCHMARK
2026-03-17,GLD,460.51,462.21,456.87,459.27,7610100,WATCH
2026-03-17,MOS,27.73,29.33,27.52,28.83,12108700,LONG
2026-03-17,NTR,77.8367,79.2068,77.4594,78.9784,3509700,LONG
2026-03-17,PDBA,35.56,35.58,35.41,35.54,110000,LONG
2026-03-17,QQQ,602.3805,605.137,601.112,602.5502,47106600,BENCHMARK
2026-03-17,SLV,73.16,73.72,70.84,71.66,32991800,WATCH
2026-03-17,SPY,670.5587,672.6031,667.876,668.963,87128000,BENCHMARK
2026-03-17,UNG,12.39,12.41,12.11,12.2,6352000,SHORT
2026-03-17,VIXY,30.85,31.21,30.38,30.88,3602800,WATCH
2026-03-17,WEAT,22.69,22.77,22.48,22.61,1093000,LONG
2026-03-17,XLY,112.5539,113.4222,112.494,112.9531,6767000,SHORT
2026-03-17,^VIX,24.56,24.58,21.87,22.37,0,WATCH
2026-03-18,ADM,72.0,72.19,70.86,70.87,3812500,WATCH
2026-03-18,BG,125.69,126.71,123.87,124.03,1379500,WATCH
2026-03-18,CF,127.02,127.99,120.11,126.73,7467000,LONG
2026-03-18,CORN,18.27,18.65,18.27,18.63,1096200,LONG
2026-03-18,DBA,26.63,26.92,26.61,26.91,2617000,LONG
2026-03-18,DIA,467.7594,468.7373,461.7624,462.0018,7090700,BENCHMARK
2026-03-18,GLD,446.66,450.06,444.39,444.74,18375600,WATCH
2026-03-18,MOS,29.31,29.39,27.75,27.78,9419200,LONG
2026-03-18,NTR,79.0082,79.733,76.4468,77.3204,4436500,LONG
2026-03-18,PDBA,35.56,35.95,35.49,35.93,845500,LONG
2026-03-18,QQQ,600.7325,602.4004,593.8113,594.1509,56128000,BENCHMARK
2026-03-18,SLV,69.51,70.55,68.66,68.7,46745900,WATCH
2026-03-18,SPY,666.5397,667.8959,659.3892,659.6285,82062600,BENCHMARK
2026-03-18,UNG,12.19,12.79,12.09,12.67,14101500,SHORT
2026-03-18,VIXY,31.85,33.67,31.71,33.59,7002200,WATCH
2026-03-18,WEAT,22.71,23.23,22.7,23.21,1035000,LONG
2026-03-18,XLY,112.2745,112.7635,110.2186,110.3483,10979200,SHORT
2026-03-18,^VIX,21.51,25.13,21.47,25.09,0,WATCH
2026-03-19,ADM,70.42,70.62,68.13,68.64,5365700,WATCH
2026-03-19,BG,123.3,124.49,121.2,122.04,1951300,WATCH
2026-03-19,CF,128.67,131.5,125.0,125.56,6487700,LONG
2026-03-19,CORN,18.74,18.84,18.64,18.83,3329200,LONG
2026-03-19,DBA,26.95,26.98,26.83,26.97,2685900,LONG
2026-03-19,DIA,458.9784,462.371,457.1723,460.066,7882800,BENCHMARK
2026-03-19,GLD,420.36,428.27,416.8,426.41,30206000,WATCH
2026-03-19,MOS,27.79,28.24,26.13,26.2,14169600,LONG
2026-03-19,NTR,77.4495,78.3232,75.1164,75.5036,5550600,LONG
2026-03-19,PDBA,36.0,36.04,35.81,36.01,402400,LONG
2026-03-19,QQQ,588.7676,595.0497,586.3407,592.2732,75597600,BENCHMARK
2026-03-19,SLV,61.9,65.74,60.85,65.68,96191600,WATCH
2026-03-19,SPY,655.1807,661.1743,653.3856,658.003,111272500,BENCHMARK
2026-03-19,UNG,13.0,13.09,12.4,12.56,21405800,SHORT
2026-03-19,VIXY,35.13,35.5,31.9,32.65,8040400,WATCH
2026-03-19,WEAT,23.28,23.37,22.97,23.34,1544800,LONG
2026-03-19,XLY,109.4102,110.1188,108.6517,109.4801,12496400,SHORT
2026-03-19,^VIX,25.6,27.52,23.54,24.06,0,WATCH
2026-03-20,ADM,68.82,68.82,65.07,66.17,16669000,WATCH
2026-03-20,BG,122.92,123.34,116.69,118.15,5276500,WATCH
2026-03-20,CF,125.55,130.1,123.71,124.9,16466700,LONG
2026-03-20,CORN,18.66,18.8,18.58,18.8,2818300,LONG
2026-03-20,DBA,26.85,26.93,26.79,26.85,1557000,LONG
2026-03-20,DIA,458.73,460.57,453.54,455.89,10543300,BENCHMARK
2026-03-20,GLD,428.09,428.59,411.23,413.38,27204900,WATCH
2026-03-20,MOS,25.83,26.03,23.59,23.59,21772100,LONG
2026-03-20,NTR,75.3348,75.6029,73.518,74.1931,4297200,LONG
2026-03-20,PDBA,35.86,35.96,35.79,35.81,88100,LONG
2026-03-20,QQQ,590.3156,590.4255,577.8114,581.327,91964700,BENCHMARK
2026-03-20,SLV,64.68,64.96,61.25,61.52,56912300,WATCH
2026-03-20,SPY,656.51,656.69,644.72,648.57,163617500,BENCHMARK
2026-03-20,UNG,12.25,12.5,12.21,12.39,10287300,SHORT
2026-03-20,VIXY,32.81,35.38,32.66,34.97,7614900,WATCH
2026-03-20,WEAT,23.05,23.19,22.81,22.85,1008000,LONG
2026-03-20,XLY,109.2106,109.2106,106.9352,107.524,12297000,SHORT
2026-03-20,^VIX,24.46,29.28,23.68,26.78,0,WATCH
2026-03-23,ADM,66.24,68.47,65.94,67.99,3416900,WATCH
2026-03-23,BG,118.29,122.9,117.82,120.82,1659200,WATCH
2026-03-23,CF,115.22,121.54,115.22,120.18,8624300,LONG
2026-03-23,CORN,18.52,18.58,18.31,18.51,1825700,LONG
2026-03-23,DBA,26.74,26.86,26.66,26.84,2924500,LONG
2026-03-23,DIA,463.3,467.04,460.92,461.97,9978100,BENCHMARK
2026-03-23,GLD,405.12,414.54,399.64,404.04,36796800,WATCH
2026-03-23,MOS,23.43,24.29,23.06,24.08,13761300,LONG
2026-03-23,NTR,72.8925,73.3442,71.6912,72.3365,3837100,LONG
2026-03-23,PDBA,35.73,35.77,35.62,35.73,208500,LONG
2026-03-23,QQQ,590.52,595.08,585.96,588.0,89936100,BENCHMARK
2026-03-23,SLV,61.3,64.11,60.98,62.47,72440000,WATCH
2026-03-23,SPY,658.07,662.62,653.94,655.38,134802700,BENCHMARK
2026-03-23,UNG,11.94,12.01,11.59,11.73,14397200,SHORT
2026-03-23,VIXY,32.44,33.97,31.64,33.14,9568500,WATCH
2026-03-23,WEAT,22.6,22.68,22.23,22.68,1300400,LONG
2026-03-23,XLY,109.78,111.43,109.59,110.12,14779100,SHORT
2026-03-23,^VIX,30.04,31.04,20.28,26.15,0,WATCH
2026-03-24,ADM,68.37,71.6,68.11,71.44,2921900,WATCH
2026-03-24,BG,121.62,125.49,121.62,124.09,1723300,WATCH
2026-03-24,CF,122.67,128.13,122.27,126.92,5602700,LONG
2026-03-24,CORN,18.51,18.65,18.41,18.51,1778000,LONG
2026-03-24,DBA,26.78,26.96,26.77,26.89,1830200,LONG
2026-03-24,DIA,458.42,463.94,457.44,461.17,8188000,BENCHMARK
2026-03-24,GLD,400.24,407.29,399.2,404.13,17478500,WATCH
2026-03-24,MOS,24.33,25.48,24.18,25.2,12814700,LONG
2026-03-24,NTR,73.0513,76.695,72.9123,76.2681,3697100,LONG
2026-03-24,PDBA,35.8,36.015,35.76,35.91,145100,LONG
2026-03-24,QQQ,584.81,587.93,581.93,583.98,57750900,BENCHMARK
2026-03-24,SLV,61.62,63.69,61.27,62.95,48268000,WATCH
2026-03-24,SPY,651.32,657.03,649.88,653.18,96457500,BENCHMARK
2026-03-24,UNG,11.84,11.9,11.66,11.73,6737300,SHORT
2026-03-24,VIXY,34.15,34.37,32.59,33.84,8398800,WATCH
2026-03-24,WEAT,22.61,22.83,22.38,22.7,865000,LONG
2026-03-24,XLY,109.04,110.32,108.95,109.68,9032200,SHORT
2026-03-24,^VIX,25.91,27.94,25.64,26.95,0,WATCH
2026-03-25,ADM,70.9,71.89,70.49,71.66,2905800,WATCH
2026-03-25,BG,122.79,126.36,121.81,125.4,1999000,WATCH
2026-03-25,CF,125.57,128.96,125.0,128.11,3715100,LONG
2026-03-25,CORN,18.44,18.76,18.42,18.75,1377600,LONG
2026-03-25,DBA,26.79,27.0,26.75,26.96,2316100,LONG
2026-03-25,DIA,465.73,467.24,461.8,464.14,7019700,BENCHMARK
2026-03-25,GLD,419.71,420.66,412.25,416.29,15713200,WATCH
2026-03-25,MOS,25.14,26.22,24.78,26.19,12333800,LONG
2026-03-25,NTR,75.9504,76.695,74.9675,76.0695,4410800,LONG
2026-03-25,PDBA,35.78,36.065,35.78,36.02,61000,LONG
2026-03-25,QQQ,589.14,591.37,585.69,587.82,60475500,BENCHMARK
2026-03-25,SLV,66.04,66.4,64.48,65.21,38165900,WATCH
2026-03-25,SPY,658.67,660.89,654.24,656.82,90653800,BENCHMARK
2026-03-25,UNG,11.63,11.93,11.58,11.86,5642800,SHORT
2026-03-25,VIXY,32.95,34.02,32.65,33.21,4540100,WATCH
2026-03-25,WEAT,22.44,22.98,22.44,22.97,677700,LONG
2026-03-25,XLY,111.16,111.91,110.1,110.73,9412900,SHORT
2026-03-25,^VIX,25.79,26.67,24.82,25.33,0,WATCH
2026-03-26,ADM,71.49,73.68,71.23,72.33,3464700,WATCH
2026-03-26,BG,126.12,127.2,124.58,125.76,1319400,WATCH
2026-03-26,CF,130.12,132.81,129.53,132.56,3937800,LONG
2026-03-26,CORN,18.7,18.8,18.55,18.71,2223000,LONG
2026-03-26,DBA,26.94,27.14,26.9,27.11,1592600,LONG
2026-03-26,DIA,461.54,465.43,458.94,459.31,8284000,BENCHMARK
2026-03-26,GLD,408.53,411.37,400.26,400.64,15756300,WATCH
2026-03-26,MOS,25.4,26.19,24.42,25.0,11879800,LONG
2026-03-26,NTR,75.454,77.3204,72.6939,73.1606,5760100,LONG
2026-03-26,PDBA,35.99,36.26,35.919,36.196,170400,LONG
2026-03-26,QQQ,582.6,584.63,573.43,573.79,81492100,BENCHMARK
2026-03-26,SLV,62.1,63.14,60.37,60.77,56080500,WATCH
2026-03-26,SPY,652.06,654.85,644.82,645.09,96494400,BENCHMARK
2026-03-26,UNG,11.89,12.1,11.79,11.84,8439200,SHORT
2026-03-26,VIXY,33.87,35.56,33.39,35.49,4702700,WATCH
2026-03-26,WEAT,22.8,23.22,22.73,23.12,736100,LONG
2026-03-26,XLY,110.05,110.9,108.74,108.83,7981000,SHORT
2026-03-26,^VIX,26.49,28.49,26.12,27.44,0,WATCH
2026-03-27,ADM,72.0,74.19,71.71,72.23,6175600,WATCH
2026-03-27,BG,125.07,131.5,125.05,128.72,2284800,WATCH
2026-03-27,CF,133.08,136.58,131.15,136.45,3834400,LONG
2026-03-27,CORN,18.81,18.81,18.51,18.58,1548100,LONG
2026-03-27,DBA,27.14,27.32,27.09,27.17,2147600,LONG
2026-03-27,DIA,457.36,457.5,450.49,451.39,6938500,BENCHMARK
2026-03-27,GLD,406.2,418.4,405.41,414.7,16580700,WATCH
2026-03-27,MOS,25.0,25.45,24.76,25.0,9436800,LONG
2026-03-27,NTR,73.518,75.2057,73.2102,75.1065,3236000,LONG
2026-03-27,PDBA,36.35,36.47,36.17,36.35,677500,LONG
2026-03-27,QQQ,570.81,571.02,561.57,562.58,82702200,BENCHMARK
2026-03-27,SLV,61.43,64.88,61.22,63.44,52470800,WATCH
2026-03-27,SPY,642.5,642.66,633.11,634.09,103649400,BENCHMARK
2026-03-27,UNG,12.29,12.39,12.04,12.28,8514400,SHORT
2026-03-27,VIXY,36.07,38.47,35.93,38.23,5698500,WATCH
2026-03-27,WEAT,23.2,23.43,22.95,23.17,1228400,LONG
2026-03-27,XLY,108.31,108.31,105.45,105.68,10454700,SHORT
2026-03-27,^VIX,27.54,31.65,27.54,31.05,0,WATCH
2026-03-30,ADM,73.17,74.09,71.57,71.75,4062400,WATCH
2026-03-30,BG,129.81,130.98,125.9,126.28,2137900,WATCH
2026-03-30,CF,137.99,141.96,135.68,137.6,6010800,LONG
2026-03-30,CORN,18.51,18.53,18.29,18.29,2907600,LONG
2026-03-30,DBA,27.13,27.27,27.1,27.12,1428900,LONG
2026-03-30,DIA,455.6,456.12,450.44,452.06,9181600,BENCHMARK
2026-03-30,GLD,419.54,420.1,412.66,414.58,13172100,WATCH
2026-03-30,MOS,25.28,25.73,24.76,25.0,9735400,LONG
2026-03-30,NTR,76.2482,77.0226,75.2852,76.0,7401400,LONG
2026-03-30,PDBA,36.24,36.418,36.185,36.196,143000,LONG
2026-03-30,QQQ,567.38,568.05,555.6,558.28,70602600,BENCHMARK
2026-03-30,SLV,64.46,64.63,63.02,63.52,30512000,WATCH
2026-03-30,SPY,640.11,640.37,629.28,631.97,99275900,BENCHMARK
2026-03-30,UNG,11.69,11.77,11.57,11.68,9031100,SHORT
2026-03-30,VIXY,36.61,38.59,36.61,37.88,5061700,WATCH
2026-03-30,WEAT,23.0,23.38,22.95,23.26,948200,LONG
2026-03-30,XLY,106.61,107.17,105.19,105.66,10192000,SHORT
2026-03-30,^VIX,30.79,31.52,29.33,30.61,0,WATCH
2026-03-31,ADM,72.13,73.35,71.63,72.69,4043400,WATCH
2026-03-31,BG,126.96,129.31,125.04,127.2,1886100,WATCH
2026-03-31,CF,135.91,137.31,126.43,129.84,7054000,LONG
2026-03-31,CORN,18.26,18.51,18.14,18.4,1753700,LONG
2026-03-31,DBA,27.18,27.37,27.16,27.32,2374000,LONG
2026-03-31,DIA,456.81,463.82,454.67,463.19,11656300,BENCHMARK
2026-03-31,GLD,420.08,430.57,419.59,430.29,14534300,WATCH
2026-03-31,MOS,24.96,25.68,24.75,25.5,10775000,LONG
2026-03-31,NTR,75.5,76.37,73.63,75.46,5494800,LONG
2026-03-31,PDBA,36.31,36.54,36.25,36.47,69200,LONG
2026-03-31,QQQ,564.29,578.64,564.21,577.18,95878000,BENCHMARK
2026-03-31,SLV,65.84,68.2,65.69,68.14,42141600,WATCH
2026-03-31,SPY,638.94,651.54,637.98,650.34,152534100,BENCHMARK
2026-03-31,UNG,12.04,12.05,11.65,11.73,8115000,SHORT
2026-03-31,VIXY,36.17,36.81,34.15,34.35,6980300,WATCH
2026-03-31,WEAT,23.31,23.83,23.31,23.57,1871500,LONG
2026-03-31,XLY,107.23,109.41,106.71,108.98,19487500,SHORT
2026-03-31,^VIX,29.53,29.64,25.08,25.25,0,WATCH
2026-04-01,ADM,73.32,73.84,71.68,72.37,3825000,WATCH
2026-04-01,BG,128.41,129.5,124.98,128.32,2073300,WATCH
2026-04-01,CF,127.45,129.65,124.5,127.98,5571800,LONG
2026-04-01,CORN,18.18,18.24,17.99,18.18,1674000,LONG
2026-04-01,DBA,27.13,27.16,26.96,27.1,2251800,LONG
2026-04-01,DIA,466.0,467.9,464.5,465.48,7790300,BENCHMARK
2026-04-01,GLD,435.0,440.19,433.76,437.82,14133100,WATCH
2026-04-01,MOS,25.5,26.58,25.12,26.54,11277200,LONG
2026-04-01,NTR,74.75,75.295,73.03,74.56,2963800,LONG
2026-04-01,PDBA,36.2,36.255,35.95,36.17,306500,LONG
2026-04-01,QQQ,581.48,587.74,580.42,584.31,79435100,BENCHMARK
2026-04-01,SLV,67.96,68.91,67.38,68.14,38360700,WATCH
2026-04-01,SPY,653.9,658.52,653.0,655.24,97841500,BENCHMARK
2026-04-01,UNG,11.55,11.57,11.31,11.42,7065600,SHORT
2026-04-01,VIXY,33.86,34.55,33.09,33.57,3002400,WATCH
2026-04-01,WEAT,23.12,23.14,22.72,22.83,1573800,LONG
2026-04-01,XLY,109.69,110.5,108.74,109.8,14467600,SHORT
2026-04-01,^VIX,24.3,25.35,23.5,24.54,0,WATCH
2026-04-02,ADM,72.76,73.99,72.07,73.83,3406600,WATCH
2026-04-02,BG,127.63,129.55,127.14,129.42,1272700,WATCH
2026-04-02,CF,134.75,135.75,128.9,129.97,4833500,LONG
2026-04-02,CORN,18.39,18.45,18.15,18.19,1076800,LONG
2026-04-02,DBA,27.22,27.23,27.12,27.16,2938700,LONG
2026-04-02,DIA,460.16,467.52,458.88,465.06,3955900,BENCHMARK
2026-04-02,GLD,422.29,431.67,421.17,429.41,10838600,WATCH
2026-04-02,MOS,26.95,26.95,25.89,26.17,7987700,LONG
2026-04-02,NTR,76.15,76.9,74.75,75.47,3508800,LONG
2026-04-02,PDBA,36.33,36.37,36.185,36.23,114600,LONG
2026-04-02,QQQ,573.97,586.05,571.92,584.98,50941700,BENCHMARK
2026-04-02,SLV,63.55,66.23,63.49,65.79,37002900,WATCH
2026-04-02,SPY,646.42,658.2,645.11,655.83,68358700,BENCHMARK
2026-04-02,UNG,11.39,11.43,11.28,11.35,7923600,SHORT
2026-04-02,VIXY,35.67,35.98,33.32,33.53,4282200,WATCH
2026-04-02,WEAT,23.19,23.28,22.85,22.87,808700,LONG
2026-04-02,XLY,107.46,109.53,107.1,108.15,9684700,SHORT
2026-04-02,^VIX,26.78,27.89,23.87,23.87,0,WATCH
2026-04-06,ADM,73.51,73.83,72.61,73.38,1772700,WATCH
2026-04-06,BG,129.23,131.93,127.53,128.47,828500,WATCH
2026-04-06,CF,130.12,134.38,130.12,130.98,2420300,LONG
2026-04-06,CORN,18.17,18.29,18.15,18.29,1024400,LONG
2026-04-06,DBA,27.2,27.3,27.14,27.28,1678100,LONG
2026-04-06,DIA,464.16,467.02,463.46,466.77,2905300,BENCHMARK
2026-04-06,GLD,428.87,431.49,426.71,427.65,5417300,WATCH
2026-04-06,MOS,26.37,26.77,26.15,26.51,4213100,LONG
2026-04-06,NTR,75.35,76.55,74.64,75.81,2638500,LONG
2026-04-06,PDBA,36.31,36.43,36.21,36.41,193000,LONG
2026-04-06,QQQ,586.23,590.61,584.69,588.5,35108500,BENCHMARK
2026-04-06,SLV,65.85,66.29,65.22,66.09,18134500,WATCH
2026-04-06,SPY,655.86,659.72,655.52,658.93,39105800,BENCHMARK
2026-04-06,UNG,11.59,11.6,11.36,11.37,4703400,SHORT
2026-04-06,VIXY,33.63,33.63,32.53,32.71,2277000,WATCH
2026-04-06,WEAT,22.81,22.86,22.56,22.85,1259500,LONG
2026-04-06,XLY,107.93,109.23,107.93,109.04,6908800,SHORT
2026-04-06,^VIX,24.93,25.3,23.78,24.17,0,WATCH
2026-04-07,ADM,73.38,73.69,71.62,72.15,2679500,WATCH
2026-04-07,BG,128.2,128.66,126.24,127.03,1026700,WATCH
2026-04-07,CF,134.91,139.45,132.25,133.78,4480200,LONG
2026-04-07,CORN,18.23,18.27,18.05,18.05,897800,LONG
2026-04-07,DBA,27.16,27.23,27.0,27.01,1910900,LONG
2026-04-07,DIA,465.75,466.31,462.11,465.88,3943200,BENCHMARK
2026-04-07,GLD,427.9,433.43,423.1,431.81,7263500,WATCH
2026-04-07,MOS,26.62,27.13,26.21,26.37,6016000,LONG
2026-04-07,NTR,76.6,78.08,76.53,76.88,2770000,LONG
2026-04-07,PDBA,36.28,36.32,36.045,36.05,368400,LONG
2026-04-07,QQQ,585.64,588.98,578.4,588.59,49948200,BENCHMARK
2026-04-07,SLV,65.28,66.19,63.2,65.94,30458600,WATCH
2026-04-07,SPY,656.65,659.61,651.06,659.22,69980400,BENCHMARK
2026-04-07,UNG,11.61,11.72,11.53,11.55,8146100,SHORT
2026-04-07,VIXY,33.51,35.1,33.37,33.86,5558800,WATCH
2026-04-07,WEAT,22.74,23.0,22.68,22.85,1287300,LONG
2026-04-07,XLY,108.11,108.18,106.45,107.77,8956400,SHORT
2026-04-07,^VIX,25.09,28.0,24.34,25.78,0,WATCH
2026-04-08,ADM,68.82,71.76,67.67,71.72,3824800,WATCH
2026-04-08,BG,120.3,127.2,120.01,127.15,1741400,WATCH
2026-04-08,CF,114.12,126.18,110.47,126.16,7368900,LONG
2026-04-08,CORN,17.85,18.02,17.77,17.99,1770400,LONG
2026-04-08,DBA,26.91,26.95,26.8,26.87,2181900,LONG
2026-04-08,DIA,478.88,480.2,475.56,479.16,4697500,BENCHMARK
2026-04-08,GLD,439.98,440.44,431.31,434.53,9689700,WATCH
2026-04-08,MOS,25.65,26.68,25.18,26.62,9285900,LONG
2026-04-08,NTR,72.625,75.06,70.65,74.88,5403500,LONG
2026-04-08,PDBA,35.93,35.97,35.61,35.83,512800,LONG
2026-04-08,QQQ,608.71,609.9,602.12,606.09,63086000,BENCHMARK
2026-04-08,SLV,69.73,69.93,66.52,67.47,31631900,WATCH
2026-04-08,SPY,676.39,677.08,671.46,676.01,93606100,BENCHMARK
2026-04-08,UNG,11.1,11.24,10.97,11.08,10611700,SHORT
2026-04-08,VIXY,30.49,31.74,30.02,30.51,3546500,WATCH
2026-04-08,WEAT,22.2,22.44,22.13,22.25,1158900,LONG
2026-04-08,XLY,112.25,112.61,110.28,110.82,14442400,SHORT
2026-04-08,^VIX,20.97,22.17,19.91,21.04,0,WATCH
2026-04-09,ADM,71.63,72.66,69.85,70.35,3170900,WATCH
2026-04-09,BG,127.23,128.48,122.17,122.96,1660100,WATCH
2026-04-09,CF,128.09,128.88,118.21,119.38,5843300,LONG
2026-04-09,CORN,18.06,18.08,17.81,17.89,982200,LONG
2026-04-09,DBA,26.96,26.98,26.77,26.87,1718200,LONG
2026-04-09,DIA,477.49,483.27,477.01,481.9,4213700,BENCHMARK
2026-04-09,GLD,436.47,440.91,435.87,437.91,6748500,WATCH
2026-04-09,MOS,26.61,27.15,25.2,25.27,7483200,LONG
2026-04-09,NTR,74.9,76.25,72.215,72.78,4191900,LONG
2026-04-09,PDBA,35.9,35.97,35.701,35.84,153100,LONG
2026-04-09,QQQ,605.93,610.5,603.03,610.19,37837500,BENCHMARK
2026-04-09,SLV,67.62,69.34,67.17,68.39,27210000,WATCH
2026-04-09,SPY,674.84,681.16,673.77,679.91,57134400,BENCHMARK
2026-04-09,UNG,11.06,11.07,10.77,10.88,11520300,SHORT
2026-04-09,VIXY,30.81,30.9,28.98,29.4,2268900,WATCH
2026-04-09,WEAT,22.5,22.5,21.82,22.01,1444900,LONG
2026-04-09,XLY,110.82,112.89,110.4,112.74,6660500,SHORT
2026-04-09,^VIX,21.25,21.63,19.45,19.49,0,WATCH
2026-04-10,ADM,70.53,71.14,69.49,69.73,2918500,WATCH
2026-04-10,BG,123.33,124.56,122.29,123.92,894700,WATCH
2026-04-10,CF,118.8,121.71,117.81,121.32,3706900,LONG
2026-04-10,CORN,17.84,17.86,17.65,17.75,2459700,LONG
2026-04-10,DBA,26.92,26.95,26.84,26.89,561100,LONG
2026-04-10,DIA,482.2,482.4,478.63,479.25,2628600,BENCHMARK
2026-04-10,GLD,438.59,440.35,436.0,437.13,6175600,WATCH
2026-04-10,MOS,25.38,25.62,24.49,24.76,6861600,LONG
2026-04-10,NTR,73.39,74.33,72.81,73.75,1810400,LONG
2026-04-10,PDBA,35.99,35.99,35.75,35.844,96500,LONG
2026-04-10,QQQ,611.84,613.67,609.58,611.07,33831300,BENCHMARK
2026-04-10,SLV,69.1,69.55,68.56,69.08,20752000,WATCH
2026-04-10,SPY,681.32,682.03,678.45,679.46,41916700,BENCHMARK
2026-04-10,UNG,10.81,10.9,10.7,10.77,6858900,SHORT
2026-04-10,VIXY,29.25,30.27,29.08,29.75,2735600,WATCH
2026-04-10,WEAT,21.86,22.0,21.72,21.79,1732500,LONG
2026-04-10,XLY,113.0,113.46,112.24,112.89,5606500,SHORT
2026-04-10,^VIX,19.71,20.28,18.83,19.23,0,WATCH
2026-04-13,ADM,70.54,70.99,69.1,69.82,2663600,WATCH
2026-04-13,BG,124.3,125.82,121.89,123.5,1175700,WATCH
2026-04-13,CF,124.72,126.25,120.81,121.68,3650900,LONG
2026-04-13,CORN,17.86,17.96,17.74,17.77,1239400,LONG
2026-04-13,DBA,26.97,27.1,26.93,26.93,1508800,LONG
2026-04-13,DIA,476.1,482.28,475.15,482.13,3768700,BENCHMARK
2026-04-13,GLD,434.78,436.22,431.63,435.36,5549400,WATCH
2026-04-13,MOS,25.13,25.54,24.48,24.54,10224400,LONG
2026-04-13,NTR,74.69,75.5,74.06,74.38,2720300,LONG
2026-04-13,PDBA,36.1,36.1,35.9,35.94,468100,LONG
2026-04-13,QQQ,609.48,626.74,608.11,617.39,32972100,BENCHMARK
2026-04-13,SLV,67.17,68.68,66.58,68.28,25330600,WATCH
2026-04-13,SPY,677.41,686.3,676.58,686.1,54185800,BENCHMARK
2026-04-13,UNG,10.97,11.0,10.62,10.68,7345100,SHORT
2026-04-13,VIXY,30.16,30.24,28.58,28.62,2842900,WATCH
2026-04-13,WEAT,22.18,22.48,22.16,22.18,874300,LONG
2026-04-13,XLY,112.34,113.95,112.0,113.92,5992600,SHORT
2026-04-13,^VIX,21.17,21.58,18.96,19.12,0,WATCH
2026-04-14,ADM,69.65,69.9,68.58,68.84,2831500,WATCH
2026-04-14,BG,122.42,124.84,121.93,122.33,1751500,WATCH
2026-04-14,CF,119.9,120.4,116.39,118.96,3413600,LONG
2026-04-14,CORN,17.85,17.93,17.75,17.76,654000,LONG
2026-04-14,DBA,27.03,27.14,26.99,27.12,1616900,LONG
2026-04-14,DIA,482.41,485.97,481.86,485.49,4217900,BENCHMARK
2026-04-14,GLD,439.32,445.18,439.02,445.09,8731700,WATCH
2026-04-14,MOS,24.51,24.59,23.91,23.94,10716500,LONG
2026-04-14,NTR,74.31,74.43,72.542,73.62,2261400,LONG
2026-04-14,PDBA,36.09,36.2,36.01,36.132,117800,LONG
2026-04-14,QQQ,620.22,628.6,620.1,628.6,49921100,BENCHMARK
2026-04-14,SLV,70.33,72.07,70.27,72.04,33053300,WATCH
2026-04-14,SPY,687.69,694.58,687.66,694.46,63480500,BENCHMARK
2026-04-14,UNG,10.73,10.75,10.4,10.56,8284300,SHORT
2026-04-14,VIXY,27.89,28.41,27.81,28.11,2773100,WATCH
2026-04-14,WEAT,22.25,22.62,22.23,22.61,517400,LONG
2026-04-14,XLY,114.65,116.83,114.58,116.44,8128600,SHORT
2026-04-14,^VIX,18.73,18.76,17.89,18.36,0,WATCH
2026-04-15,ADM,68.35,68.64,66.86,66.95,3245000,WATCH
2026-04-15,BG,123.02,123.19,118.69,120.0,1640000,WATCH
2026-04-15,CF,120.05,120.83,118.9,120.81,2517200,LONG
2026-04-15,CORN,17.9,18.1,17.9,18.07,535200,LONG
2026-04-15,DBA,27.15,27.22,27.07,27.17,1260100,LONG
2026-04-15,DIA,486.3036,486.8734,482.6551,484.5144,3474500,BENCHMARK
2026-04-15,GLD,442.88,443.74,439.6,440.46,6455900,WATCH
2026-04-15,MOS,23.86,24.31,23.55,23.73,10006500,LONG
2026-04-15,NTR,74.07,74.3,72.855,73.35,2261700,LONG
2026-04-15,PDBA,36.13,36.265,36.085,36.205,1100000,LONG
2026-04-15,QQQ,629.08,637.83,628.2,637.4,50102400,BENCHMARK
2026-04-15,SLV,71.92,72.9,71.35,71.84,23587700,WATCH
2026-04-15,SPY,695.26,700.28,694.2,699.94,58240400,BENCHMARK
2026-04-15,UNG,10.53,10.65,10.49,10.58,4993500,SHORT
2026-04-15,VIXY,28.02,28.61,27.92,28.33,2139500,WATCH
2026-04-15,WEAT,22.45,22.7,22.33,22.53,345100,LONG
2026-04-15,XLY,116.53,118.44,116.15,118.18,8034700,SHORT
2026-04-15,^VIX,18.18,18.5,17.4,18.17,0,WATCH
2026-04-16,ADM,67.17,68.72,66.71,68.68,3033000,WATCH
2026-04-16,BG,120.18,123.04,119.73,123.01,1795100,WATCH
2026-04-16,CF,120.43,124.77,120.4,124.71,2620900,LONG
2026-04-16,CORN,18.06,18.15,17.96,17.97,510400,LONG
2026-04-16,DBA,27.25,27.28,27.1,27.11,1419600,LONG
2026-04-16,DIA,485.6139,486.5735,483.145,485.424,4111500,BENCHMARK
2026-04-16,GLD,442.15,442.98,438.18,440.08,5350100,WATCH
2026-04-16,MOS,24.11,24.84,23.77,24.73,10021600,LONG
2026-04-16,NTR,73.5,74.685,73.5,74.53,1608700,LONG
2026-04-16,PDBA,36.24,36.36,36.13,36.145,70900,LONG
2026-04-16,QQQ,639.21,642.18,635.26,640.47,42320600,BENCHMARK
2026-04-16,SLV,71.92,72.22,70.66,71.24,21529700,WATCH
2026-04-16,SPY,701.06,702.78,698.53,701.66,49972400,BENCHMARK
2026-04-16,UNG,10.61,10.79,10.6,10.78,4530200,SHORT
2026-04-16,VIXY,28.34,28.96,28.06,28.29,3247000,WATCH
2026-04-16,WEAT,22.81,23.13,22.69,22.8,572500,LONG
2026-04-16,XLY,118.4,118.55,117.1,117.63,5671900,SHORT
2026-04-16,^VIX,18.04,19.09,17.76,17.94,0,WATCH
2026-04-17,ADM,66.95,67.25,66.06,67.04,4256000,WATCH
2026-04-17,BG,120.03,121.1,117.74,119.26,2016100,WATCH
2026-04-17,CF,114.0,114.8,109.71,112.68,6850200,LONG
2026-04-17,CORN,17.83,17.99,17.72,17.95,1074400,LONG
2026-04-17,DBA,26.91,26.97,26.77,26.92,2480800,LONG
2026-04-17,DIA,490.67,497.04,490.36,494.22,10235600,BENCHMARK
2026-04-17,GLD,445.65,448.7,445.32,445.93,9692300,WATCH
2026-04-17,MOS,24.23,24.66,24.07,24.57,11522400,LONG
2026-04-17,NTR,72.29,72.99,69.315,70.62,5116500,LONG
2026-04-17,PDBA,35.99,36.09,35.66,35.86,238000,LONG
2026-04-17,QQQ,645.59,650.0,644.07,648.85,53386300,BENCHMARK
2026-04-17,SLV,73.89,75.16,73.42,73.63,35072200,WATCH
2026-04-17,SPY,706.14,712.39,705.76,710.14,70538900,BENCHMARK
2026-04-17,UNG,10.65,10.93,10.63,10.84,7510200,SHORT
2026-04-17,VIXY,27.62,27.99,27.4,27.93,4013100,WATCH
2026-04-17,WEAT,22.43,22.55,22.01,22.47,1334200,LONG
2026-04-17,XLY,119.69,121.85,119.46,120.41,9839500,SHORT
2026-04-17,^VIX,18.18,18.24,16.87,17.48,0,WATCH
2026-04-20,ADM,67.67,68.47,67.3,68.37,3488500,WATCH
2026-04-20,BG,120.22,122.48,119.67,122.46,1169000,WATCH
2026-04-20,CF,114.09,116.95,112.7,115.94,3534700,LONG
2026-04-20,CORN,17.96,18.16,17.93,18.08,590000,LONG
2026-04-20,DBA,27.0,27.14,26.98,26.99,1101100,LONG
2026-04-20,DIA,493.45,494.78,492.31,494.33,3764000,BENCHMARK
2026-04-20,GLD,443.13,443.42,440.05,442.09,8473000,WATCH
2026-04-20,MOS,24.26,24.35,23.91,24.11,9927600,LONG
2026-04-20,NTR,71.3,71.5,70.87,71.17,2304500,LONG
2026-04-20,PDBA,36.05,36.2,35.98,36.025,155100,LONG
2026-04-20,QQQ,648.04,648.76,642.52,646.79,37138500,BENCHMARK
2026-04-20,SLV,72.65,72.82,71.81,72.15,20811500,WATCH
2026-04-20,SPY,708.78,709.91,706.14,708.72,43546800,BENCHMARK
2026-04-20,UNG,10.87,11.0,10.79,10.85,7186200,SHORT
2026-04-20,VIXY,28.33,28.85,28.19,28.39,3561700,WATCH
2026-04-20,WEAT,22.62,22.99,22.51,22.75,519800,LONG
2026-04-20,XLY,120.14,120.4,118.85,119.87,5450100,SHORT
2026-04-20,^VIX,19.58,19.99,18.77,18.87,0,WATCH
2026-04-21,ADM,68.68,69.92,68.03,69.83,2906800,WATCH
2026-04-21,BG,123.59,126.15,122.54,125.83,1366000,WATCH
2026-04-21,CF,115.64,122.47,115.6,121.31,3177000,LONG
2026-04-21,CORN,18.13,18.24,18.11,18.18,475600,LONG
2026-04-21,DBA,27.04,27.23,27.03,27.17,1271700,LONG
2026-04-21,DIA,497.24,498.38,490.32,491.36,4322200,BENCHMARK
2026-04-21,GLD,438.55,440.25,428.71,429.57,9480000,WATCH
2026-04-21,MOS,24.17,24.6,24.04,24.2,5423200,LONG
2026-04-21,NTR,71.2,72.86,71.2,72.67,2826400,LONG
2026-04-21,PDBA,36.1,36.29,36.07,36.23,119300,LONG
2026-04-21,QQQ,648.41,650.2,642.21,644.33,39580500,BENCHMARK
2026-04-21,SLV,70.99,71.56,68.35,68.49,31487000,WATCH
2026-04-21,SPY,710.28,711.28,702.64,704.08,58941400,BENCHMARK
2026-04-21,UNG,10.84,10.99,10.79,10.95,4804800,SHORT
2026-04-21,VIXY,28.3,29.37,28.24,28.91,3821200,WATCH
2026-04-21,WEAT,22.69,23.16,22.66,23.16,701600,LONG
2026-04-21,XLY,120.84,120.91,118.68,118.97,7208300,SHORT
2026-04-21,^VIX,19.18,20.85,18.75,19.5,0,WATCH
2026-04-22,ADM,70.11,70.52,69.16,69.43,2182200,WATCH
2026-04-22,BG,127.06,127.58,124.86,125.77,1189600,WATCH
2026-04-22,CF,121.19,122.61,119.54,122.46,2604300,LONG
2026-04-22,CORN,18.24,18.33,18.19,18.21,547400,LONG
2026-04-22,DBA,27.26,27.31,27.11,27.13,1047000,LONG
2026-04-22,DIA,495.32,496.14,493.23,494.76,4022400,BENCHMARK
2026-04-22,GLD,436.27,437.17,433.78,435.26,5178100,WATCH
2026-04-22,MOS,24.44,24.95,24.22,24.52,6504100,LONG
2026-04-22,NTR,73.18,73.32,71.39,71.55,2445300,LONG
2026-04-22,PDBA,36.33,36.36,36.13,36.18,433300,LONG
2026-04-22,QQQ,650.15,655.33,648.52,655.11,37368400,BENCHMARK
2026-04-22,SLV,70.55,70.96,70.23,70.37,14416100,WATCH
2026-04-22,SPY,709.15,711.45,708.22,711.21,42518500,BENCHMARK
2026-04-22,UNG,11.07,11.16,10.94,10.95,5400300,SHORT
2026-04-22,VIXY,28.16,28.83,28.08,28.54,2557800,WATCH
2026-04-22,WEAT,23.07,23.12,22.84,22.86,640100,LONG
2026-04-22,XLY,119.53,119.76,118.66,118.93,5289900,SHORT
2026-04-22,^VIX,19.03,19.54,18.68,18.92,0,WATCH
2026-04-23,ADM,69.45,70.52,69.45,70.03,2075800,WATCH
2026-04-23,BG,126.31,127.44,125.31,126.42,862900,WATCH
2026-04-23,CF,124.3,127.49,121.6,125.59,3607600,LONG
2026-04-23,CORN,18.21,18.32,18.18,18.28,438900,LONG
2026-04-23,DBA,27.16,27.42,27.06,27.4,1638800,LONG
2026-04-23,DIA,492.55,495.13,488.51,493.0,4077300,BENCHMARK
2026-04-23,GLD,433.96,435.29,428.22,431.04,4976400,WATCH
2026-04-23,MOS,24.44,24.67,24.04,24.28,6356800,LONG
2026-04-23,NTR,71.9,72.37,71.36,72.19,1857300,LONG
2026-04-23,PDBA,36.18,36.53,36.17,36.5,65400,LONG
2026-04-23,QQQ,653.55,656.92,645.52,651.42,40099800,BENCHMARK
2026-04-23,SLV,68.77,69.24,67.52,68.38,21937400,WATCH
2026-04-23,SPY,709.5,712.36,702.28,708.45,56174000,BENCHMARK
2026-04-23,UNG,10.72,10.73,10.41,10.52,9074100,SHORT
2026-04-23,VIXY,28.66,29.87,28.4,28.51,5596600,WATCH
2026-04-23,WEAT,22.96,23.42,22.89,23.41,607800,LONG
2026-04-23,XLY,118.22,118.85,116.67,117.74,7530900,SHORT
2026-04-23,^VIX,19.42,21.56,18.7,19.31,0,WATCH
2026-04-24,ADM,70.03,70.27,68.67,69.23,1934100,WATCH
2026-04-24,BG,126.4,126.86,123.88,124.9,860300,WATCH
2026-04-24,CF,124.34,125.0,120.5,120.93,2842900,LONG
2026-04-24,CORN,18.33,18.33,18.21,18.27,359700,LONG
2026-04-24,DBA,27.37,27.41,27.3,27.39,1181700,LONG
2026-04-24,DIA,493.05,493.49,490.77,492.21,3370300,BENCHMARK
2026-04-24,GLD,431.34,435.28,430.65,433.25,5920000,WATCH
2026-04-24,MOS,24.2,24.28,23.49,24.0,8075900,LONG
2026-04-24,NTR,72.25,72.25,70.42,71.57,1616300,LONG
2026-04-24,PDBA,36.5,36.53,36.38,36.47,809000,LONG
2026-04-24,QQQ,658.51,664.51,656.53,663.88,45423700,BENCHMARK
2026-04-24,SLV,68.29,69.42,68.1,68.79,16337300,WATCH
2026-04-24,SPY,710.75,714.47,709.01,713.94,45123600,BENCHMARK
2026-04-24,UNG,10.34,10.36,10.18,10.31,11490900,SHORT
2026-04-24,VIXY,28.37,28.84,28.09,28.77,3352600,WATCH
2026-04-24,WEAT,23.31,23.31,23.03,23.19,919700,LONG
2026-04-24,XLY,118.14,118.9,117.67,118.69,5546000,SHORT
2026-04-24,^VIX,18.89,19.35,18.46,18.71,0,WATCH
2026-04-27,ADM,69.51,70.74,69.26,70.54,4208800,WATCH
2026-04-27,BG,125.24,126.07,123.65,124.04,1932600,WATCH
2026-04-27,CF,122.42,123.89,120.18,123.63,2209300,LONG
2026-04-27,CORN,18.37,18.51,18.32,18.51,1137800,LONG
2026-04-27,DBA,27.38,27.62,27.38,27.57,1917500,LONG
2026-04-27,DIA,491.6,493.55,490.29,491.83,2132100,BENCHMARK
2026-04-27,GLD,431.66,431.8,428.52,429.89,6105200,WATCH
2026-04-27,MOS,24.2,24.5,22.94,23.22,12511200,LONG
2026-04-27,NTR,73.13,73.909,71.86,72.37,1603800,LONG
2026-04-27,PDBA,36.5,36.82,36.48,36.78,141600,LONG
2026-04-27,QQQ,663.4,664.43,660.69,664.23,32717000,BENCHMARK
2026-04-27,SLV,68.3,68.55,67.55,68.33,13347200,WATCH
2026-04-27,SPY,713.17,715.63,712.3,715.17,33135900,BENCHMARK
2026-04-27,UNG,10.69,10.79,10.47,10.49,13640200,SHORT
2026-04-27,VIXY,28.59,28.6,27.77,27.81,2541900,WATCH
2026-04-27,WEAT,23.28,23.74,23.25,23.71,672900,LONG
2026-04-27,XLY,118.09,118.45,117.28,117.84,6915900,SHORT
2026-04-27,^VIX,19.21,19.27,18.02,18.02,0,WATCH
2026-04-28,ADM,71.58,72.92,70.66,72.8,3823800,WATCH
2026-04-28,BG,126.21,126.62,123.81,126.36,1737600,WATCH
2026-04-28,CF,125.75,126.77,121.82,122.31,2065900,LONG
2026-04-28,CORN,18.7,18.78,18.55,18.77,1222400,LONG
2026-04-28,DBA,27.75,27.97,27.64,27.96,2720000,LONG
2026-04-28,DIA,493.46,493.82,490.77,491.42,3057100,BENCHMARK
2026-04-28,GLD,420.72,422.52,418.4,421.91,7723400,WATCH
2026-04-28,MOS,23.49,23.6,22.74,23.19,9589500,LONG
2026-04-28,NTR,73.15,73.63,72.46,72.91,1887600,LONG
2026-04-28,PDBA,36.97,37.3,36.84,37.25,157100,LONG
2026-04-28,QQQ,657.41,659.64,653.81,657.55,34147900,BENCHMARK
2026-04-28,SLV,65.79,66.54,65.37,66.2,21555800,WATCH
2026-04-28,SPY,711.82,712.88,709.25,711.69,43117400,BENCHMARK
2026-04-28,UNG,10.4,10.54,10.28,10.33,18279100,SHORT
2026-04-28,VIXY,28.29,28.41,27.34,27.39,2833100,WATCH
2026-04-28,WEAT,24.08,24.77,24.04,24.72,1575900,LONG
2026-04-28,XLY,117.45,117.79,116.87,117.01,6740900,SHORT
2026-04-28,^VIX,18.3,19.43,17.78,17.83,0,WATCH
2026-04-29,ADM,73.15,74.89,73.15,74.27,5136000,WATCH
2026-04-29,BG,122.47,130.29,122.0,126.31,2407700,WATCH
2026-04-29,CF,124.08,127.31,123.11,126.78,2511800,LONG
2026-04-29,CORN,18.81,18.88,18.71,18.84,1128700,LONG
2026-04-29,DBA,28.03,28.19,28.01,28.11,3153100,LONG
2026-04-29,DIA,490.95,491.49,487.0,488.67,3322300,BENCHMARK
2026-04-29,GLD,416.74,419.17,414.16,417.41,6452600,WATCH
2026-04-29,MOS,23.24,23.27,22.75,23.03,6486900,LONG
2026-04-29,NTR,73.4,74.76,73.27,74.13,3543800,LONG
2026-04-29,PDBA,37.44,37.57,37.36,37.42,165800,LONG
2026-04-29,QQQ,658.63,661.72,656.59,661.57,31724900,BENCHMARK
2026-04-29,SLV,64.96,65.27,64.13,64.84,18681700,WATCH
2026-04-29,SPY,711.0,712.2,708.37,711.58,41859200,BENCHMARK
2026-04-29,UNG,10.2,10.27,10.11,10.15,8683500,SHORT
2026-04-29,VIXY,27.46,28.29,27.3,28.01,3138600,WATCH
2026-04-29,WEAT,24.91,25.24,24.54,24.61,1812000,LONG
2026-04-29,XLY,116.21,117.13,116.13,116.84,8155400,SHORT
2026-04-29,^VIX,17.83,19.0,17.81,18.81,0,WATCH
2026-04-30,ADM,73.92,75.78,73.39,74.54,5001700,WATCH
2026-04-30,BG,125.2,130.1,124.79,127.07,1940400,WATCH
2026-04-30,CF,125.49,127.63,123.54,124.2,3698500,LONG
2026-04-30,CORN,18.73,18.74,18.59,18.69,552800,LONG
2026-04-30,DBA,28.0,28.08,27.93,28.03,1796300,LONG
2026-04-30,DIA,490.98,497.58,490.39,496.65,5352300,BENCHMARK
2026-04-30,GLD,425.34,425.46,422.74,423.66,6732800,WATCH
2026-04-30,MOS,22.95,23.59,22.9,23.27,7750300,LONG
2026-04-30,NTR,74.7,76.515,74.58,76.0,3359500,LONG
2026-04-30,PDBA,37.35,37.36,37.19,37.33,267100,LONG
2026-04-30,QQQ,665.35,668.9,657.56,667.74,40622200,BENCHMARK
2026-04-30,SLV,66.7,66.81,65.88,66.66,16140700,WATCH
2026-04-30,SPY,714.63,719.79,710.45,718.66,67240900,BENCHMARK
2026-04-30,UNG,10.16,10.72,10.15,10.6,19091200,SHORT
2026-04-30,VIXY,27.69,28.06,27.05,27.22,2418200,WATCH
2026-04-30,WEAT,24.29,24.29,23.94,24.11,913800,LONG
2026-04-30,XLY,118.5,118.67,116.43,118.35,10280700,SHORT
2026-04-30,^VIX,18.68,18.73,16.87,16.89,0,WATCH
2026-05-01,ADM,74.64,75.45,74.06,74.94,3823100,WATCH
2026-05-01,BG,127.0,128.19,124.4,124.61,1269400,WATCH
2026-05-01,CF,123.95,125.68,120.95,122.69,2154900,LONG
2026-05-01,CORN,18.82,19.02,18.73,18.89,944900,LONG
2026-05-01,DBA,28.1,28.21,28.04,28.11,1353500,LONG
2026-05-01,DIA,498.84,499.93,494.91,495.02,4250400,BENCHMARK
2026-05-01,GLD,421.41,427.93,421.08,423.18,5907600,WATCH
2026-05-01,MOS,23.37,23.51,22.92,23.15,5392500,LONG
2026-05-01,NTR,75.9,76.25,74.2,75.22,1906700,LONG
2026-05-01,PDBA,37.41,37.589,37.37,37.46,434700,LONG
2026-05-01,QQQ,669.16,675.97,668.8,674.15,39055400,BENCHMARK
2026-05-01,SLV,67.58,69.65,67.51,68.29,20178000,WATCH
2026-05-01,SPY,721.25,724.87,720.47,720.65,42888700,BENCHMARK
2026-05-01,UNG,10.69,10.73,10.55,10.71,7243800,SHORT
2026-05-01,VIXY,26.96,27.43,26.8,27.43,2387700,WATCH
2026-05-01,WEAT,24.13,24.18,23.87,24.01,631500,LONG
2026-05-01,XLY,118.61,119.77,117.82,118.63,13067100,SHORT
2026-05-01,^VIX,17.01,17.39,16.44,16.99,0,WATCH
2026-05-04,ADM,75.0,77.37,74.62,76.27,5003400,WATCH
2026-05-04,BG,124.89,129.14,123.47,127.62,1442600,WATCH
2026-05-04,CF,124.0,127.57,121.27,125.89,2679400,LONG
2026-05-04,CORN,18.85,19.13,18.81,19.12,889000,LONG
2026-05-04,DBA,28.16,28.33,28.11,28.29,2656000,LONG
2026-05-04,DIA,493.5,494.33,489.0,489.56,3310400,BENCHMARK
2026-05-04,GLD,418.84,420.86,413.28,414.71,7285700,WATCH
2026-05-04,MOS,23.11,23.34,22.89,22.97,6329800,LONG
2026-05-04,NTR,75.5,76.525,74.43,75.82,2588600,LONG
2026-05-04,PDBA,37.54,37.75,37.48,37.71,395700,LONG
2026-05-04,QQQ,674.66,676.73,668.9,672.88,34542000,BENCHMARK
2026-05-04,SLV,66.39,67.58,65.61,65.94,20986400,WATCH
2026-05-04,SPY,720.07,722.12,714.99,718.01,51950600,BENCHMARK
2026-05-04,UNG,10.86,11.08,10.84,10.95,12744500,SHORT
2026-05-04,VIXY,27.35,28.23,26.71,27.72,2413600,WATCH
2026-05-04,WEAT,23.91,24.26,23.87,24.2,898600,LONG
2026-05-04,XLY,118.35,119.3,117.19,117.72,10737700,SHORT
2026-05-04,^VIX,17.38,19.08,17.15,18.29,0,WATCH
2026-05-05,ADM,76.27,81.75,75.63,79.19,9815200,WATCH
2026-05-05,BG,127.9,133.93,127.88,130.38,2390200,WATCH
2026-05-05,CF,126.0,129.0,125.54,128.04,2811600,LONG
2026-05-05,CORN,19.0,19.02,18.8,18.92,703300,LONG
2026-05-05,DBA,28.28,28.37,28.2,28.37,1712600,LONG
2026-05-05,DIA,491.89,493.59,490.03,492.96,3386200,BENCHMARK
2026-05-05,GLD,420.15,421.16,417.91,418.27,4279900,WATCH
2026-05-05,MOS,22.89,23.32,22.74,23.26,6779700,LONG
2026-05-05,NTR,75.85,77.74,75.45,77.24,3200600,LONG
2026-05-05,PDBA,37.7,37.85,37.6,37.84,568400,LONG
2026-05-05,QQQ,677.96,682.77,677.51,681.61,37101100,BENCHMARK
2026-05-05,SLV,66.77,66.95,65.85,65.91,12632100,WATCH
2026-05-05,SPY,721.77,725.04,721.49,723.77,36933200,BENCHMARK
2026-05-05,UNG,10.89,10.97,10.62,10.64,11185800,SHORT
2026-05-05,VIXY,27.22,27.78,27.05,27.7,2354700,WATCH
2026-05-05,WEAT,23.96,23.99,23.56,23.75,1014900,LONG
2026-05-05,XLY,118.59,119.29,118.05,118.07,6216900,SHORT
2026-05-05,^VIX,17.95,18.02,17.2,17.38,0,WATCH
2026-05-06,ADM,79.11,79.5,76.0,78.02,5584500,WATCH
2026-05-06,BG,128.95,129.51,124.91,126.05,1390300,WATCH
2026-05-06,CF,122.09,123.3,119.36,119.76,5379700,LONG
2026-05-06,CORN,18.65,18.69,18.44,18.44,1135000,LONG
2026-05-06,DBA,28.13,28.13,27.94,28.06,2013400,LONG
2026-05-06,DIA,496.98,500.08,496.9,499.05,4317300,BENCHMARK
2026-05-06,GLD,430.15,433.19,429.6,430.96,7013900,WATCH
2026-05-06,MOS,23.25,23.87,22.98,23.56,7914700,LONG
2026-05-06,NTR,75.38,75.5,73.43,73.81,4785900,LONG
2026-05-06,PDBA,37.46,37.48,37.21,37.42,393500,LONG
2026-05-06,QQQ,687.78,695.93,686.48,695.77,38778500,BENCHMARK
2026-05-06,SLV,69.56,70.39,69.44,70.13,24490800,WATCH
2026-05-06,SPY,728.16,734.59,727.82,733.83,53288900,BENCHMARK
2026-05-06,UNG,10.46,10.51,10.35,10.45,11427200,SHORT
2026-05-06,VIXY,26.99,27.27,26.8,27.09,2974200,WATCH
2026-05-06,WEAT,23.22,23.36,22.99,23.32,1102200,LONG
2026-05-06,XLY,118.97,120.54,118.77,119.87,10430700,SHORT
2026-05-06,^VIX,17.15,17.46,16.18,17.39,0,WATCH
2026-05-07,ADM,78.4,79.72,76.64,77.53,4879600,WATCH
2026-05-07,BG,125.28,125.58,123.21,123.75,1897200,WATCH
2026-05-07,CF,114.1,119.61,113.31,118.68,5444500,LONG
2026-05-07,CORN,18.31,18.47,18.2,18.44,865100,LONG
2026-05-07,DBA,27.88,27.88,27.6,27.8,3059900,LONG
2026-05-07,DIA,500.51,501.2,494.77,495.91,4490500,BENCHMARK
2026-05-07,GLD,435.61,437.42,430.25,431.68,6816200,WATCH
2026-05-07,MOS,23.55,23.6,22.88,22.91,6838400,LONG
2026-05-07,NTR,71.79,71.84,68.3,68.38,6439700,LONG
2026-05-07,PDBA,37.11,37.18,36.85,37.114,91500,LONG
2026-05-07,QQQ,696.58,701.24,691.77,694.94,43779100,BENCHMARK
2026-05-07,SLV,73.28,74.33,71.16,71.6,33453100,WATCH
2026-05-07,SPY,735.05,736.13,729.75,731.58,51724600,BENCHMARK
2026-05-07,UNG,10.36,10.81,10.29,10.68,16306100,SHORT
2026-05-07,VIXY,26.87,27.3,26.78,26.85,2564000,WATCH
2026-05-07,WEAT,23.08,23.18,22.85,23.13,824500,LONG
2026-05-07,XLY,120.59,121.1,119.32,119.88,7928000,SHORT
2026-05-07,^VIX,17.53,17.6,16.85,17.08,0,WATCH
2026-05-08,ADM,77.57,78.29,77.06,77.66,2916900,WATCH
2026-05-08,BG,124.64,125.73,123.82,124.94,1033700,WATCH
2026-05-08,CF,118.41,119.62,114.75,115.02,3065500,LONG
2026-05-08,CORN,18.41,18.678,18.4,18.61,438045,LONG
2026-05-08,DBA,27.89,28.0,27.84,27.97,603200,LONG
2026-05-08,DIA,498.48,498.55,494.93,496.13,3489600,BENCHMARK
2026-05-08,GLD,434.05,436.2,431.7,433.77,5372100,WATCH
2026-05-08,MOS,22.97,23.27,22.17,22.19,9621700,LONG
2026-05-08,NTR,68.43,69.365,68.14,68.33,3316700,LONG
2026-05-08,PDBA,37.16,37.318,37.06,37.265,75500,LONG
2026-05-08,QQQ,699.92,711.23,699.5,711.23,44146300,BENCHMARK
2026-05-08,SLV,73.29,73.83,72.28,73.01,19031300,WATCH
2026-05-08,SPY,734.93,738.08,734.57,737.62,47172700,BENCHMARK
2026-05-08,UNG,10.87,10.92,10.52,10.57,8633900,SHORT
2026-05-08,VIXY,26.82,27.15,26.59,27.05,2298300,WATCH
2026-05-08,WEAT,23.15,23.44,23.06,23.41,811600,LONG
2026-05-08,XLY,120.25,121.13,119.94,120.2,6054100,SHORT
2026-05-08,^VIX,17.37,17.53,16.82,17.19,0,WATCH
2026-05-11,ADM,78.09,79.91,78.0,79.84,3377600,WATCH
2026-05-11,BG,125.0,127.63,124.32,126.14,1559500,WATCH
2026-05-11,CF,117.01,124.8,116.04,124.48,2808400,LONG
2026-05-11,CORN,18.72,18.82,18.64,18.76,608200,LONG
2026-05-11,DBA,28.21,28.39,28.18,28.33,1520300,LONG
2026-05-11,DIA,495.8,497.84,494.76,497.11,4249100,BENCHMARK
2026-05-11,GLD,434.18,436.04,432.21,434.65,5569100,WATCH
2026-05-11,MOS,21.89,22.42,21.17,21.79,17351400,LONG
2026-05-11,NTR,68.96,71.89,68.86,71.29,3791800,LONG
2026-05-11,PDBA,37.61,37.83,37.537,37.75,271700,LONG
2026-05-11,QQQ,710.36,714.59,708.91,713.29,36019100,BENCHMARK
2026-05-11,SLV,77.05,78.0,76.14,78.0,38320800,WATCH
2026-05-11,SPY,736.45,740.79,736.45,739.3,44024000,BENCHMARK
2026-05-11,UNG,10.95,11.25,10.94,11.22,10225600,SHORT
2026-05-11,VIXY,27.08,27.54,26.87,27.41,2431100,WATCH
2026-05-11,WEAT,23.64,24.0,23.53,23.99,734400,LONG
2026-05-11,XLY,119.38,119.86,118.51,119.37,5829100,SHORT
2026-05-11,^VIX,18.21,18.47,17.9,18.38,0,WATCH
2026-05-12,ADM,80.0,81.87,79.39,80.73,4293800,WATCH
2026-05-12,BG,126.55,127.45,125.06,126.21,1843000,WATCH
2026-05-12,CF,125.87,130.43,123.45,130.39,3628200,LONG
2026-05-12,CORN,18.91,19.02,18.67,18.93,611300,LONG
2026-05-12,DBA,28.41,28.62,28.35,28.57,1863100,LONG
2026-05-12,DIA,496.51,498.41,493.19,497.89,7445700,BENCHMARK
2026-05-12,GLD,430.7,432.98,425.85,432.93,6660900,WATCH
2026-05-12,MOS,21.85,22.55,21.31,22.39,11121400,LONG
2026-05-12,NTR,71.63,72.35,69.85,71.98,3159900,LONG
2026-05-12,PDBA,37.93,38.1,37.76,38.01,179500,LONG
2026-05-12,QQQ,708.22,710.18,696.64,707.24,45873000,BENCHMARK
2026-05-12,SLV,76.5,78.62,75.15,78.55,30999500,WATCH
2026-05-12,SPY,736.89,738.84,731.83,738.18,54185300,BENCHMARK
2026-05-12,UNG,10.99,11.01,10.78,10.91,7577200,SHORT
2026-05-12,VIXY,27.69,27.87,26.66,26.77,3643300,WATCH
2026-05-12,WEAT,24.36,25.51,24.32,25.49,1721500,LONG
2026-05-12,XLY,119.03,119.35,117.45,118.29,6622100,SHORT
2026-05-12,^VIX,18.77,19.1,17.92,17.99,0,WATCH
2026-05-13,ADM,81.27,83.1,80.66,82.89,4140000,WATCH
2026-05-13,BG,127.38,127.75,124.5,126.02,1135500,WATCH
2026-05-13,CF,128.7245,129.4913,124.5714,124.9897,3036000,LONG
2026-05-13,CORN,18.97,19.13,18.92,18.98,585500,LONG
2026-05-13,DBA,28.54,28.84,28.46,28.73,1988100,LONG
2026-05-13,DIA,495.8866,497.3357,494.3674,496.866,3256800,BENCHMARK
2026-05-13,GLD,430.52,432.49,428.75,430.5,4180300,WATCH
2026-05-13,MOS,22.67,23.59,22.5,22.78,12140500,LONG
2026-05-13,NTR,72.25,72.74,70.92,71.29,2133600,LONG
2026-05-13,PDBA,38.01,38.43,37.95,38.31,1158700,LONG
2026-05-13,QQQ,709.96,716.65,704.83,714.71,40012500,BENCHMARK
2026-05-13,SLV,78.66,80.86,78.27,79.35,31013600,WATCH
2026-05-13,SPY,738.47,743.91,735.47,742.31,44200200,BENCHMARK
2026-05-13,UNG,11.2,11.21,10.95,10.98,6926200,SHORT
2026-05-13,VIXY,26.93,27.46,26.77,27.33,3531800,WATCH
2026-05-13,WEAT,25.3,25.6,25.19,25.37,851100,LONG
2026-05-13,XLY,118.06,119.23,117.45,118.72,4611800,SHORT
2026-05-13,^VIX,17.98,18.4,17.76,17.87,0,WATCH
2026-05-14,ADM,82.79,82.79,81.0,81.41,2717600,WATCH
2026-05-14,BG,125.93,125.98,122.9,123.16,1251300,WATCH
2026-05-14,CF,123.7647,124.9598,121.0359,122.47,2315700,LONG
2026-05-14,CORN,18.69,18.7,18.45,18.53,686300,LONG
2026-05-14,DBA,28.33,28.38,28.17,28.25,1221200,LONG
2026-05-14,DIA,501.1137,501.8833,498.5751,500.524,4920500,BENCHMARK
2026-05-14,GLD,430.3,431.54,427.1,427.21,4021400,WATCH
2026-05-14,MOS,22.78,22.87,22.19,22.68,7647800,LONG
2026-05-14,NTR,71.15,71.93,70.56,70.94,1921500,LONG
2026-05-14,PDBA,37.82,37.82,37.55,37.67,1826700,LONG
2026-05-14,QQQ,714.62,722.03,714.22,719.79,33327500,BENCHMARK
2026-05-14,SLV,77.29,77.29,75.39,75.51,27151500,WATCH
2026-05-14,SPY,743.65,749.53,743.56,748.17,45307600,BENCHMARK
2026-05-14,UNG,10.82,11.21,10.76,11.16,10858000,SHORT
2026-05-14,VIXY,27.17,27.47,26.51,26.68,3659300,WATCH
2026-05-14,WEAT,25.02,25.09,24.62,24.82,822900,LONG
2026-05-14,XLY,119.01,119.68,118.56,118.67,5966700,SHORT
2026-05-14,^VIX,17.86,18.08,17.2,17.26,0,WATCH
2026-05-15,ADM,81.02,81.88,79.43,80.4,4574600,WATCH
2026-05-15,BG,123.1,124.02,121.34,122.45,1466100,WATCH
2026-05-15,CF,124.2,126.46,123.24,125.24,2793000,LONG
2026-05-15,CORN,18.37,18.41,18.12,18.14,669900,LONG
2026-05-15,DBA,27.92,27.97,27.75,27.83,2476600,LONG
2026-05-15,DIA,497.32,497.74,495.08,495.37,5291900,BENCHMARK
2026-05-15,GLD,417.64,419.25,414.12,417.29,9335200,WATCH
2026-05-15,MOS,22.26,22.45,21.72,21.76,8643700,LONG
2026-05-15,NTR,70.75,71.63,70.39,71.56,2300500,LONG
2026-05-15,PDBA,37.14,37.255,37.035,37.123,714400,LONG
2026-05-15,QQQ,710.14,715.13,705.55,708.93,51687900,BENCHMARK
2026-05-15,SLV,69.74,70.06,68.55,69.04,45630800,WATCH
2026-05-15,SPY,741.79,743.46,737.96,739.17,60290000,BENCHMARK
2026-05-15,UNG,11.3,11.38,11.15,11.33,8900900,SHORT
2026-05-15,VIXY,27.52,27.59,26.66,26.93,4477700,WATCH
2026-05-15,WEAT,24.5,24.5,24.0,24.11,1090800,LONG
2026-05-15,XLY,117.31,117.37,116.31,116.53,10453900,SHORT
2026-05-15,^VIX,18.07,19.27,17.8,18.43,0,WATCH
2026-05-18,ADM,80.3502,80.847,78.6713,80.38,3087600,WATCH
2026-05-18,BG,123.6,125.06,120.69,124.64,1557300,WATCH
2026-05-18,CF,123.0,125.61,121.05,125.22,3119700,LONG
2026-05-18,CORN,18.54,18.76,18.53,18.74,845400,LONG
2026-05-18,DBA,28.13,28.27,28.11,28.2,1713500,LONG
2026-05-18,DIA,495.65,497.64,493.6,497.01,5496200,BENCHMARK
2026-05-18,GLD,419.82,420.93,416.06,418.43,5628300,WATCH
2026-05-18,MOS,21.72,21.9,21.11,21.41,8860100,LONG
2026-05-18,NTR,71.27,72.191,70.6,71.62,2063700,LONG
2026-05-18,PDBA,37.53,37.67,37.516,37.613,1400200,LONG
2026-05-18,QQQ,711.54,712.07,698.85,705.88,49834500,BENCHMARK
2026-05-18,SLV,70.23,70.77,68.88,69.94,22926600,WATCH
2026-05-18,SPY,739.83,741.42,733.39,738.65,47843900,BENCHMARK
2026-05-18,UNG,11.45,11.61,11.36,11.54,8580900,SHORT
2026-05-18,VIXY,26.55,26.89,26.02,26.3,4564500,WATCH
2026-05-18,WEAT,24.78,25.12,24.65,25.0,1422900,LONG
2026-05-18,XLY,116.5,117.78,115.54,116.32,9985100,SHORT
2026-05-18,^VIX,19.25,19.44,17.7,17.82,0,WATCH
2026-05-19,ADM,80.2708,80.3701,77.7474,78.87,4489600,WATCH
2026-05-19,BG,123.17,123.52,120.19,122.26,1659200,WATCH
2026-05-19,CF,126.89,128.78,124.18,127.86,2582200,LONG
2026-05-19,CORN,18.71,18.8,18.61,18.74,491200,LONG
2026-05-19,DBA,28.27,28.33,28.19,28.28,877300,LONG
2026-05-19,DIA,494.83,496.34,492.58,493.98,5361300,BENCHMARK
2026-05-19,GLD,412.45,414.47,409.88,411.5,5419400,WATCH
2026-05-19,MOS,21.0757,21.4717,20.6798,21.1846,8792000,LONG
2026-05-19,NTR,71.44,72.23,70.28,71.59,2216700,LONG
2026-05-19,PDBA,37.61,37.745,37.545,37.663,252900,LONG
2026-05-19,QQQ,699.81,706.49,695.25,701.53,46827500,BENCHMARK
2026-05-19,SLV,66.68,67.8,66.11,66.9,23057300,WATCH
2026-05-19,SPY,734.78,737.65,731.53,733.73,54255900,BENCHMARK
2026-05-19,UNG,11.72,11.94,11.68,11.9,7342900,SHORT
2026-05-19,VIXY,26.59,26.77,26.27,26.62,3215000,WATCH
2026-05-19,WEAT,25.05,25.25,24.93,25.2,944200,LONG
2026-05-19,XLY,115.13,115.32,114.2,115.03,8578200,SHORT
2026-05-19,^VIX,18.01,18.36,17.66,18.06,0,WATCH
2026-05-20,ADM,79.01,79.2,77.06,77.55,3654800,WATCH
2026-05-20,BG,121.3801,122.5829,117.6824,119.233,1727100,WATCH
2026-05-20,CF,125.95,127.73,120.4,123.3,4444200,LONG
2026-05-20,CORN,18.54,18.61,18.32,18.42,529200,LONG
2026-05-20,DBA,28.16,28.16,27.89,27.97,1094000,LONG
2026-05-20,DIA,495.87,500.93,492.49,500.24,6516100,BENCHMARK
2026-05-20,GLD,412.14,417.99,410.08,417.4,6005000,WATCH
2026-05-20,MOS,21.0361,21.7489,20.9371,21.64,7990100,LONG
2026-05-20,NTR,70.975,71.19,69.815,70.11,2716800,LONG
2026-05-20,PDBA,37.51,37.55,37.18,37.313,166100,LONG
2026-05-20,QQQ,705.29,713.15,703.79,713.15,36779200,BENCHMARK
2026-05-20,SLV,67.82,69.33,67.33,68.73,22463200,WATCH
2026-05-20,SPY,735.71,741.87,733.89,741.25,45768000,BENCHMARK
2026-05-20,UNG,11.69,11.78,11.37,11.49,8999400,SHORT
2026-05-20,VIXY,26.44,26.59,26.0,26.02,3687800,WATCH
2026-05-20,WEAT,25.06,25.28,24.75,24.9,1206900,LONG
2026-05-20,XLY,115.27,117.95,114.78,117.94,12155100,SHORT
2026-05-20,^VIX,18.17,18.18,17.13,17.44,0,WATCH
2026-05-21,ADM,77.87,78.81,77.03,77.12,3411800,WATCH
2026-05-21,BG,120.4756,122.6922,118.4378,119.74,1995100,WATCH
2026-05-21,CF,124.82,125.42,120.78,121.69,2750000,LONG
2026-05-21,CORN,18.42,18.51,18.25,18.31,397900,LONG
2026-05-21,DBA,27.97,27.99,27.55,27.61,1619500,LONG
2026-05-21,DIA,498.78,504.05,497.21,503.11,6576000,BENCHMARK
2026-05-21,GLD,413.14,418.42,411.95,416.99,4679900,WATCH
2026-05-21,MOS,21.6,22.16,21.37,21.94,6668100,LONG
2026-05-21,NTR,70.4,71.0,69.9,70.24,2422600,LONG
2026-05-21,PDBA,37.28,37.33,36.75,36.82,183700,LONG
2026-05-21,QQQ,708.99,717.12,706.77,714.51,36415400,BENCHMARK
2026-05-21,SLV,67.68,69.75,67.31,69.45,17099100,WATCH
2026-05-21,SPY,738.64,744.87,737.03,742.72,43332200,BENCHMARK
2026-05-21,UNG,11.53,11.61,11.31,11.33,6415700,SHORT
2026-05-21,VIXY,26.28,26.36,25.15,25.29,3378300,WATCH
2026-05-21,WEAT,24.86,24.88,24.48,24.5,1075200,LONG
2026-05-21,XLY,117.59,119.22,116.81,118.7,7082300,SHORT
2026-05-21,^VIX,17.58,17.87,16.6,16.76,0,WATCH
2026-05-22,ADM,77.28,78.61,77.06,77.52,2468300,WATCH
2026-05-22,BG,118.9,120.96,118.79,120.71,1821200,WATCH
2026-05-22,CF,120.68,123.16,119.75,121.7,1618700,LONG
2026-05-22,CORN,18.37,18.48,18.31,18.36,280200,LONG
2026-05-22,DBA,27.64,27.69,27.49,27.56,917100,LONG
2026-05-22,DIA,507.01,508.74,505.69,506.12,5172200,BENCHMARK
2026-05-22,GLD,415.17,415.68,412.0,413.82,5500800,WATCH
2026-05-22,MOS,22.06,22.62,22.01,22.51,8057200,LONG
2026-05-22,NTR,70.36,71.44,69.45,70.13,1573400,LONG
2026-05-22,PDBA,36.75,36.91,36.61,36.77,731300,LONG
2026-05-22,QQQ,718.07,722.12,715.95,717.54,32999600,BENCHMARK
2026-05-22,SLV,68.86,69.06,67.8,68.36,14355500,WATCH
2026-05-22,SPY,746.24,748.94,744.48,745.64,41671800,BENCHMARK
2026-05-22,UNG,11.13,11.2,10.9,10.94,9291700,SHORT
2026-05-22,VIXY,25.44,25.64,25.16,25.43,2848400,WATCH
2026-05-22,WEAT,24.56,24.76,24.43,24.55,518500,LONG
2026-05-22,XLY,119.16,119.87,118.98,119.18,5289800,SHORT
2026-05-22,^VIX,16.83,17.39,16.46,16.7,0,WATCH
2026-05-25,^VIX,16.81,16.87,16.53,16.59,0,WATCH
2026-05-26,ADM,77.85,79.23,76.85,78.01,3308100,WATCH
2026-05-26,BG,120.02,122.95,119.54,120.1,1728700,WATCH
2026-05-26,CF,120.06,122.25,118.97,119.16,2508000,LONG
2026-05-26,CORN,18.25,18.31,18.16,18.18,389100,LONG
2026-05-26,DBA,27.6,27.65,27.43,27.47,801900,LONG
2026-05-26,DIA,507.57,508.24,503.97,505.25,3897800,BENCHMARK
2026-05-26,GLD,415.16,415.98,411.5,414.0,5098400,WATCH
2026-05-26,MOS,22.51,23.16,22.38,22.62,8458900,LONG
2026-05-26,NTR,70.0,70.51,69.824,69.94,1896400,LONG
2026-05-26,PDBA,36.78,36.83,36.54,36.6,666500,LONG
2026-05-26,QQQ,725.96,731.17,724.16,730.28,34254700,BENCHMARK
2026-05-26,SLV,69.02,69.73,68.59,69.72,15492500,WATCH
2026-05-26,SPY,750.01,752.13,748.37,750.59,41123600,BENCHMARK
2026-05-26,UNG,11.13,11.22,10.88,10.91,6268700,SHORT
2026-05-26,VIXY,24.85,25.35,24.48,24.64,4052200,WATCH
2026-05-26,WEAT,24.4,24.53,24.21,24.22,568700,LONG
2026-05-26,XLY,119.73,120.24,118.7,119.45,5007100,SHORT
2026-05-26,^VIX,16.92,17.23,16.56,17.01,0,WATCH
2026-05-27,ADM,77.85,80.38,77.26,79.55,3953200,WATCH
2026-05-27,BG,120.5,122.67,118.29,121.18,1384800,WATCH
2026-05-27,CF,117.59,118.25,113.17,116.34,2693200,LONG
2026-05-27,CORN,18.11,18.18,18.0,18.0,899900,LONG
2026-05-27,DBA,27.37,27.53,27.33,27.47,1309600,LONG
2026-05-27,DIA,505.93,508.7,505.81,506.88,4247800,BENCHMARK
2026-05-27,GLD,404.34,409.25,404.3,408.49,6624600,WATCH
2026-05-27,MOS,22.42,23.77,22.2,23.72,9513900,LONG
2026-05-27,NTR,68.81,69.66,67.8,68.73,2336100,LONG
2026-05-27,PDBA,36.46,36.697,36.41,36.55,364000,LONG
2026-05-27,QQQ,732.96,733.32,725.44,729.45,35148700,BENCHMARK
2026-05-27,SLV,66.88,67.92,66.88,67.5,15831700,WATCH
2026-05-27,SPY,750.88,751.38,748.22,750.46,42106300,BENCHMARK
2026-05-27,UNG,11.09,11.41,11.09,11.18,9207800,SHORT
2026-05-27,VIXY,24.59,24.79,24.11,24.13,2539500,WATCH
2026-05-27,WEAT,23.83,23.95,23.6,23.76,904500,LONG
2026-05-27,XLY,120.69,121.95,120.55,121.55,13116100,SHORT
2026-05-27,^VIX,17.01,17.18,16.29,16.29,0,WATCH
2026-05-28,ADM,79.05,81.06,79.05,80.04,3683600,WATCH
2026-05-28,BG,121.33,124.76,121.33,123.7,1822000,WATCH
2026-05-28,CF,118.35,120.26,115.41,116.5,2047500,LONG
2026-05-28,CORN,18.14,18.28,18.02,18.21,696400,LONG
2026-05-28,DBA,27.49,27.59,27.42,27.58,583300,LONG
2026-05-28,DIA,505.34,508.21,503.64,507.05,3709600,BENCHMARK
2026-05-28,GLD,406.48,414.51,405.41,412.77,7184100,WATCH
2026-05-28,MOS,23.7,24.15,23.1,24.06,9921900,LONG
2026-05-28,NTR,68.73,69.89,68.64,69.65,2010900,LONG
2026-05-28,PDBA,36.65,36.727,36.53,36.69,239900,LONG
2026-05-28,QQQ,729.73,736.6,726.41,735.6,32840000,BENCHMARK
2026-05-28,SLV,66.55,68.76,66.16,68.36,18945000,WATCH
2026-05-28,SPY,750.25,755.15,749.23,754.6,41562600,BENCHMARK
2026-05-28,UNG,11.29,11.93,11.29,11.89,12138300,SHORT
2026-05-28,VIXY,24.3,24.3,23.58,23.7,2363400,WATCH
2026-05-28,WEAT,23.85,23.97,23.7,23.83,439700,LONG
2026-05-28,XLY,121.1,122.19,120.57,122.06,7591900,SHORT
2026-05-28,^VIX,16.76,16.85,15.61,15.74,0,WATCH
2026-05-29,ADM,79.91,80.79,79.54,79.78,5862500,WATCH
2026-05-29,BG,123.47,125.06,122.0,123.3,2542700,WATCH
2026-05-29,CF,115.65,116.36,111.27,112.35,4546700,LONG
2026-05-29,CORN,18.14,18.14,17.9,17.93,653800,LONG
2026-05-29,DBA,27.55,27.55,27.19,27.25,1825400,LONG
2026-05-29,DIA,507.9,511.31,507.2,510.78,5334400,BENCHMARK
2026-05-29,GLD,415.62,421.82,415.08,417.12,7705700,WATCH
2026-05-29,MOS,23.9,24.5,23.58,23.9,8901000,LONG
2026-05-29,NTR,69.13,69.2,67.62,68.55,2318400,LONG
2026-05-29,PDBA,36.68,36.68,36.26,36.3,185700,LONG
2026-05-29,QQQ,737.84,741.63,735.25,738.31,37477400,BENCHMARK
2026-05-29,SLV,68.56,69.35,67.48,68.33,16549300,WATCH
2026-05-29,SPY,755.9,758.08,754.69,756.48,54976100,BENCHMARK
2026-05-29,UNG,12.15,12.22,11.87,11.93,12742200,SHORT
2026-05-29,VIXY,23.44,23.57,23.01,23.29,4708600,WATCH
2026-05-29,WEAT,23.75,23.75,23.33,23.38,887500,LONG
2026-05-29,XLY,121.6,122.18,120.83,120.87,7258000,SHORT
2026-05-29,^VIX,15.81,15.88,15.22,15.32,0,WATCH
2026-06-01,ADM,79.72,82.83,79.05,82.62,2983000,WATCH
2026-06-01,BG,123.95,130.62,123.23,129.97,2054300,WATCH
2026-06-01,CF,114.66,117.04,113.24,113.3,2953400,LONG
2026-06-01,CORN,17.94,18.05,17.74,17.9,599100,LONG
2026-06-01,DBA,27.42,27.45,27.2,27.24,1134900,LONG
2026-06-01,DIA,509.85,511.86,508.33,511.44,4424800,BENCHMARK
2026-06-01,GLD,409.86,412.61,408.24,411.26,6158900,WATCH
2026-06-01,MOS,23.78,23.9,23.14,23.33,7063500,LONG
2026-06-01,NTR,68.77,69.845,68.47,69.57,2520700,LONG
2026-06-01,PDBA,36.48,36.59,36.235,36.319,188800,LONG
2026-06-01,QQQ,737.04,745.65,735.99,742.74,33890600,BENCHMARK
2026-06-01,SLV,67.49,68.24,66.8,67.67,16531500,WATCH
2026-06-01,SPY,755.36,760.28,754.69,758.54,43634900,BENCHMARK
2026-06-01,UNG,11.61,11.66,11.45,11.54,8716900,SHORT
2026-06-01,VIXY,23.59,23.9,23.23,23.85,4344600,WATCH
2026-06-01,WEAT,23.47,23.65,23.26,23.31,605700,LONG
2026-06-01,XLY,119.69,119.83,117.97,118.19,11012100,SHORT
2026-06-01,^VIX,15.88,16.34,15.71,16.05,0,WATCH
2026-06-02,ADM,82.86,83.6,81.65,82.46,4174200,WATCH
2026-06-02,BG,129.4,130.73,128.54,129.13,2400100,WATCH
2026-06-02,CF,114.34,115.5,113.23,113.48,1692100,LONG
2026-06-02,CORN,17.85,17.87,17.69,17.71,580400,LONG
2026-06-02,DBA,27.24,27.24,27.06,27.12,1658300,LONG
2026-06-02,DIA,509.08,514.49,508.93,514.05,5078000,BENCHMARK
2026-06-02,GLD,414.08,414.4,411.1,411.95,3823900,WATCH
2026-06-02,MOS,23.21,23.79,23.09,23.3,5536600,LONG
2026-06-02,NTR,69.85,70.39,68.365,68.5,2883600,LONG
2026-06-02,PDBA,36.31,36.31,36.08,36.15,72600,LONG
2026-06-02,QQQ,742.4,746.44,739.23,746.16,30085200,BENCHMARK
2026-06-02,SLV,68.69,69.03,67.63,67.99,11642600,WATCH
2026-06-02,SPY,757.03,760.4,756.75,759.57,31581900,BENCHMARK
2026-06-02,UNG,11.34,11.52,11.33,11.47,5926300,SHORT
2026-06-02,VIXY,23.57,23.81,23.42,23.46,2388800,WATCH
2026-06-02,WEAT,23.1,23.2,23.01,23.15,517100,LONG
2026-06-02,XLY,117.52,118.27,116.56,117.59,8219300,SHORT
2026-06-02,^VIX,16.28,16.29,15.71,15.77,0,WATCH
2026-06-03,ADM,82.9,85.37,82.43,84.11,3559600,WATCH
2026-06-03,BG,129.96,134.87,129.85,131.41,2396000,WATCH
2026-06-03,CF,114.0,118.08,113.82,116.6,2426800,LONG
2026-06-03,CORN,17.79,17.82,17.46,17.47,679800,LONG
2026-06-03,DBA,27.18,27.21,26.86,26.86,1072900,LONG
2026-06-03,DIA,511.17,512.85,507.99,508.26,4098000,BENCHMARK
2026-06-03,GLD,408.38,409.38,406.23,407.87,5038000,WATCH
2026-06-03,MOS,23.15,23.97,23.12,23.3,6288900,LONG
2026-06-03,NTR,68.5,69.98,68.1,68.81,4116500,LONG
2026-06-03,PDBA,36.19,36.19,35.8,35.83,88000,LONG
2026-06-03,QQQ,747.31,748.65,741.01,744.21,40270200,BENCHMARK
2026-06-03,SLV,67.0,67.14,66.1,66.21,13716200,WATCH
2026-06-03,SPY,758.15,758.8,753.57,754.24,51402500,BENCHMARK
2026-06-03,UNG,11.44,11.76,11.44,11.71,5708100,SHORT
2026-06-03,VIXY,23.64,23.8,23.39,23.52,2898000,WATCH
2026-06-03,WEAT,23.24,23.33,22.63,22.67,1043100,LONG
2026-06-03,XLY,116.63,117.62,116.13,116.73,6086400,SHORT
2026-06-03,^VIX,15.97,16.63,15.94,16.06,0,WATCH
2026-06-04,ADM,83.13,84.74,82.56,83.37,2689000,WATCH
2026-06-04,BG,129.61,132.91,129.03,129.42,1803600,WATCH
2026-06-04,CF,115.71,118.6,114.44,117.52,1816100,LONG
2026-06-04,CORN,17.41,17.43,17.15,17.23,584900,LONG
2026-06-04,DBA,26.81,26.87,26.62,26.69,1354000,LONG
2026-06-04,DIA,513.69,517.58,512.68,516.7,6390700,BENCHMARK
2026-06-04,GLD,413.37,414.37,409.01,411.27,4646500,WATCH
2026-06-04,MOS,23.0,23.1,22.44,22.9,6389500,LONG
2026-06-04,NTR,68.48,69.5,68.25,69.0,2621200,LONG
2026-06-04,PDBA,35.68,35.79,35.5,35.65,380900,LONG
2026-06-04,QQQ,735.48,743.5,732.62,740.61,40782600,BENCHMARK
2026-06-04,SLV,67.5,67.72,66.2,66.98,11803600,WATCH
2026-06-04,SPY,752.1,758.31,751.47,757.09,49923000,BENCHMARK
2026-06-04,UNG,11.99,12.23,11.97,12.12,8947700,SHORT
2026-06-04,VIXY,23.68,23.68,22.45,22.67,3840700,WATCH
2026-06-04,WEAT,22.71,22.75,22.37,22.47,540400,LONG
2026-06-04,XLY,117.96,118.19,117.04,117.26,4969900,SHORT
2026-06-04,^VIX,16.33,16.8,15.18,15.4,0,WATCH
2026-06-05,ADM,83.0,83.19,80.87,80.92,3512900,WATCH
2026-06-05,BG,128.53,130.0,125.56,126.46,1321000,WATCH
2026-06-05,CF,117.52,117.59,113.43,113.49,2234900,LONG
2026-06-05,CORN,17.13,17.2,17.0,17.06,507200,LONG
2026-06-05,DBA,26.61,26.67,26.38,26.4,4268600,LONG
2026-06-05,DIA,517.71,517.75,508.75,509.7,6605900,BENCHMARK
2026-06-05,GLD,404.38,404.72,395.92,396.24,11451900,WATCH
2026-06-05,MOS,22.82,22.85,21.99,22.24,8367100,LONG
2026-06-05,NTR,69.0,69.0,66.84,67.2,2358500,LONG
2026-06-05,PDBA,35.49,35.55,35.15,35.2,468400,LONG
2026-06-05,QQQ,730.06,731.69,704.32,705.06,99178800,BENCHMARK
2026-06-05,SLV,64.06,64.25,61.36,61.57,37667500,WATCH
2026-06-05,SPY,752.31,752.82,735.53,737.55,93678100,BENCHMARK
2026-06-05,UNG,11.88,11.92,11.63,11.67,6439800,SHORT
2026-06-05,VIXY,22.93,24.76,22.87,24.31,7389200,WATCH
2026-06-05,WEAT,22.47,22.55,22.25,22.28,801800,LONG
2026-06-05,XLY,117.4,118.1,114.57,114.86,7699300,SHORT
2026-06-05,^VIX,15.87,21.57,15.56,21.51,0,WATCH
2026-06-08,ADM,82.01,82.69,80.19,80.22,3645900,WATCH
2026-06-08,BG,127.95,128.94,125.18,125.5,1587400,WATCH
2026-06-08,CF,113.31,113.56,109.28,109.45,2850600,LONG
2026-06-08,CORN,17.0,17.13,16.9,17.02,300700,LONG
2026-06-08,DBA,26.42,26.52,26.31,26.33,1259500,LONG
2026-06-08,DIA,510.77,513.76,508.32,508.91,4825700,BENCHMARK
2026-06-08,GLD,397.52,398.98,396.03,397.27,8057300,WATCH
2026-06-08,MOS,22.2,22.23,21.35,21.38,6870400,LONG
2026-06-08,NTR,67.51,68.06,67.2,67.28,3027900,LONG
2026-06-08,PDBA,35.27,35.34,35.04,35.085,138900,LONG
2026-06-08,QQQ,717.81,723.03,713.07,716.07,47401500,BENCHMARK
2026-06-08,SLV,62.03,62.3,61.24,61.58,22342200,WATCH
2026-06-08,SPY,743.36,745.34,738.19,739.22,49319100,BENCHMARK
2026-06-08,UNG,11.4,11.44,11.23,11.37,4186100,SHORT
2026-06-08,VIXY,23.66,24.11,23.46,23.91,2561900,WATCH
2026-06-08,WEAT,22.26,22.59,22.24,22.35,379800,LONG
2026-06-08,XLY,114.77,116.02,114.77,115.39,6307400,SHORT
2026-06-08,^VIX,20.29,20.35,17.94,18.92,0,WATCH
2026-06-09,ADM,80.0,80.38,79.07,80.12,2951600,WATCH
2026-06-09,BG,125.53,126.94,123.47,126.68,1798200,WATCH
2026-06-09,CF,110.95,110.95,106.29,108.58,4349000,LONG
2026-06-09,CORN,17.12,17.24,16.99,17.04,346200,LONG
2026-06-09,DBA,26.36,26.45,26.24,26.28,759400,LONG
2026-06-09,DIA,511.48,513.54,503.08,509.41,6249400,BENCHMARK
2026-06-09,GLD,397.57,400.48,388.75,390.78,9567300,WATCH
2026-06-09,MOS,21.45,21.64,20.76,21.28,7981200,LONG
2026-06-09,NTR,67.72,67.95,65.46,66.35,2902700,LONG
2026-06-09,PDBA,35.11,35.215,34.991,35.02,166300,LONG
2026-06-09,QQQ,722.98,725.66,686.37,707.83,91932200,BENCHMARK
2026-06-09,SLV,61.82,62.43,58.22,59.01,34115100,WATCH
2026-06-09,SPY,743.63,746.9,722.59,737.05,87683500,BENCHMARK
2026-06-09,UNG,11.34,11.56,11.31,11.39,4161200,SHORT
2026-06-09,VIXY,23.58,25.82,23.32,24.27,5560800,WATCH
2026-06-09,WEAT,22.6,22.77,22.37,22.38,515100,LONG
2026-06-09,XLY,116.16,117.59,114.25,115.87,8203500,SHORT
2026-06-09,^VIX,18.19,23.34,17.52,19.87,0,WATCH
2026-06-10,ADM,80.49,82.55,80.12,81.28,3086100,WATCH
2026-06-10,BG,127.44,130.15,126.58,128.21,1714200,WATCH
2026-06-10,CF,108.3,110.52,107.14,109.26,2560600,LONG
2026-06-10,CORN,17.17,17.22,17.05,17.07,225900,LONG
2026-06-10,DBA,26.38,26.42,26.31,26.33,737800,LONG
2026-06-10,DIA,507.49,508.74,500.1,500.25,5153400,BENCHMARK
2026-06-10,GLD,380.75,384.21,374.55,374.58,13956200,WATCH
2026-06-10,MOS,21.2,21.48,19.8,19.82,13853000,LONG
2026-06-10,NTR,65.0,65.89,64.83,65.03,3665000,LONG
2026-06-10,PDBA,35.2,35.28,35.07,35.1,190100,LONG
2026-06-10,QQQ,701.66,711.28,692.93,693.69,65334300,BENCHMARK
2026-06-10,SLV,58.19,59.47,57.63,57.66,28661800,WATCH
2026-06-10,SPY,733.39,738.38,725.33,725.43,60341300,BENCHMARK
2026-06-10,UNG,11.65,11.72,11.5,11.54,6187700,SHORT
2026-06-10,VIXY,24.81,25.94,24.59,25.68,4332200,WATCH
2026-06-10,WEAT,22.69,22.73,22.48,22.54,542500,LONG
2026-06-10,XLY,115.46,115.68,113.38,113.49,7515100,SHORT
2026-06-10,^VIX,20.1,22.66,20.06,22.22,0,WATCH
2026-06-11,ADM,81.64,81.64,78.86,78.9,3379900,WATCH
2026-06-11,BG,129.17,129.43,125.27,125.28,1729300,WATCH
2026-06-11,CF,111.32,112.3,106.17,106.56,3157000,LONG
2026-06-11,CORN,16.96,17.01,16.71,16.72,493000,LONG
2026-06-11,DBA,26.32,26.37,26.22,26.3,1014300,LONG
2026-06-11,DIA,503.19,510.76,501.57,509.36,6353900,BENCHMARK
2026-06-11,GLD,373.96,387.21,371.88,386.32,12622500,WATCH
2026-06-11,MOS,19.91,21.22,19.85,21.09,12591500,LONG
2026-06-11,NTR,65.5,66.63,65.29,65.56,4921000,LONG
2026-06-11,PDBA,35.13,35.22,35.01,35.05,183200,LONG
2026-06-11,QQQ,699.29,718.37,695.0,717.12,71798900,BENCHMARK
2026-06-11,SLV,57.45,61.1,57.3,60.82,30766100,WATCH
2026-06-11,SPY,728.76,740.0,724.41,737.76,86330500,BENCHMARK
2026-06-11,UNG,11.34,11.34,11.11,11.16,6887100,SHORT
2026-06-11,VIXY,25.46,26.16,24.25,24.41,4580900,WATCH
2026-06-11,WEAT,22.52,22.68,22.34,22.43,615400,LONG
2026-06-11,XLY,114.12,116.46,113.44,116.3,8680300,SHORT
2026-06-11,^VIX,21.25,22.59,19.36,19.44,0,WATCH
2026-06-12,ADM,79.17,80.25,78.18,80.24,2033500,WATCH
2026-06-12,BG,125.62,128.08,124.14,127.17,1129400,WATCH
2026-06-12,CF,106.37,110.11,106.37,109.48,2492800,LONG
2026-06-12,CORN,16.77,16.92,16.72,16.8,257900,LONG
2026-06-12,DBA,26.31,26.36,26.24,26.24,811600,LONG
2026-06-12,DIA,512.89,515.3,509.48,513.06,8384000,BENCHMARK
2026-06-12,GLD,385.73,388.77,383.35,386.54,7521700,WATCH
2026-06-12,MOS,21.5,22.85,21.35,22.69,14293700,LONG
2026-06-12,NTR,65.68,67.77,65.49,67.62,2672100,LONG
2026-06-12,PDBA,35.01,35.18,35.01,35.03,45000,LONG
2026-06-12,QQQ,717.61,724.01,711.28,721.34,51168400,BENCHMARK
2026-06-12,SLV,60.53,61.83,59.87,61.29,21202000,WATCH
2026-06-12,SPY,740.71,744.44,735.03,741.75,56939800,BENCHMARK
2026-06-12,UNG,11.18,11.38,11.16,11.35,5330500,SHORT
2026-06-12,VIXY,24.05,24.41,23.29,23.29,3129200,WATCH
2026-06-12,WEAT,22.34,22.65,22.33,22.34,548200,LONG
2026-06-12,XLY,117.02,117.02,114.82,116.6,7655200,SHORT
2026-06-12,^VIX,19.51,19.85,17.59,17.68,0,WATCH
2026-06-15,ADM,79.06,79.42,77.72,79.27,3456600,WATCH
2026-06-15,BG,124.68,124.68,120.95,123.0,1809000,WATCH
2026-06-15,CF,103.31,107.5,101.51,106.9,3299600,LONG
2026-06-15,CORN,16.6,16.93,16.59,16.86,510500,LONG
2026-06-15,DBA,26.17,26.39,26.16,26.38,1406500,LONG
2026-06-15,DIA,519.23,520.84,517.87,518.44,5379400,BENCHMARK
2026-06-15,GLD,399.49,401.0,396.15,396.55,10477100,WATCH
2026-06-15,MOS,23.25,24.29,22.4,22.52,14375800,LONG
2026-06-15,NTR,66.5,66.79,65.75,66.13,3563500,LONG
2026-06-15,PDBA,34.89,35.2,34.89,35.15,150500,LONG
2026-06-15,QQQ,738.1,744.76,737.38,744.0,46710200,BENCHMARK
2026-06-15,SLV,64.28,64.5,63.24,63.47,19878900,WATCH
2026-06-15,SPY,751.85,756.68,751.76,754.83,60176400,BENCHMARK
2026-06-15,UNG,11.21,11.44,11.21,11.43,4717800,SHORT
2026-06-15,VIXY,22.2,22.31,21.68,21.7,2977200,WATCH
2026-06-15,WEAT,21.94,22.55,21.92,22.54,775700,LONG
2026-06-15,XLY,118.61,119.51,118.31,118.57,6590300,SHORT
2026-06-15,^VIX,16.78,16.85,15.98,16.2,0,WATCH
2026-06-16,ADM,79.05,79.25,77.52,78.02,2875500,WATCH
2026-06-16,BG,122.16,122.56,119.39,119.42,1357300,WATCH
2026-06-16,CF,105.61,106.99,104.86,105.59,2782200,LONG
2026-06-16,CORN,16.85,17.11,16.85,16.93,217000,LONG
2026-06-16,DBA,26.46,26.73,26.45,26.66,797200,LONG
2026-06-16,DIA,518.904,521.8759,518.6447,520.021,4812600,BENCHMARK
2026-06-16,GLD,397.83,398.96,395.82,397.63,6004000,WATCH
2026-06-16,MOS,22.32,22.7,21.55,21.69,8013300,LONG
2026-06-16,NTR,65.59,65.925,64.81,65.48,3139000,LONG
2026-06-16,PDBA,35.28,35.69,35.28,35.59,484400,LONG
2026-06-16,QQQ,742.25,744.22,729.64,729.86,45348700,BENCHMARK
2026-06-16,SLV,63.7,63.85,62.76,63.39,16353800,WATCH
2026-06-16,SPY,752.6111,753.4988,747.9531,748.402,67093100,BENCHMARK
2026-06-16,UNG,11.46,11.83,11.44,11.76,5390700,SHORT
2026-06-16,VIXY,21.74,21.91,21.55,21.82,2135800,WATCH
2026-06-16,WEAT,22.62,23.0,22.61,22.75,446500,LONG
2026-06-16,XLY,118.67,119.46,118.34,118.46,6050500,SHORT
2026-06-16,^VIX,16.2,16.44,15.77,16.41,0,WATCH
2026-06-17,ADM,77.5,77.5,75.6,76.5,3450300,WATCH
2026-06-17,BG,119.42,119.49,114.86,116.14,2077100,WATCH
2026-06-17,CF,105.45,108.79,104.65,105.85,2819000,LONG
2026-06-17,CORN,17.03,17.16,16.96,17.15,200200,LONG
2026-06-17,DBA,26.81,26.87,26.77,26.84,829100,LONG
2026-06-17,DIA,519.8415,522.7435,513.8977,514.895,6563500,BENCHMARK
2026-06-17,GLD,397.82,402.04,387.08,388.6,13343000,WATCH
2026-06-17,MOS,21.69,22.76,21.6,22.51,9536800,LONG
2026-06-17,NTR,65.71,65.84,64.28,64.28,2273000,LONG
2026-06-17,PDBA,35.76,35.86,35.68,35.82,151100,LONG
2026-06-17,QQQ,735.19,735.68,720.85,722.51,51669300,BENCHMARK
2026-06-17,SLV,63.54,64.69,60.39,60.61,33399800,WATCH
2026-06-17,SPY,749.3594,750.2173,737.3205,739.056,85945200,BENCHMARK
2026-06-17,UNG,11.44,11.58,11.35,11.57,5383000,SHORT
2026-06-17,VIXY,21.58,22.98,21.54,22.7,4317200,WATCH
2026-06-17,WEAT,23.07,23.22,22.98,23.2,313500,LONG
2026-06-17,XLY,117.81,118.17,115.18,115.49,9065700,SHORT
2026-06-17,^VIX,16.08,18.84,16.02,18.44,0,WATCH
2026-06-18,ADM,76.66,76.66,74.28,75.1,8293100,WATCH
2026-06-18,BG,116.55,116.55,111.39,112.58,2791100,WATCH
2026-06-18,CF,104.76,104.93,101.43,102.93,5337500,LONG
2026-06-18,CORN,17.05,17.07,16.89,16.95,273500,LONG
2026-06-18,DBA,26.75,26.75,26.58,26.63,1040900,LONG
2026-06-18,DIA,518.43,519.52,515.43,515.52,7134400,BENCHMARK
2026-06-18,GLD,391.24,392.5,385.6,387.12,7627300,WATCH
2026-06-18,MOS,22.64,23.38,22.6,22.9,25679900,LONG
2026-06-18,NTR,63.82,63.925,62.395,62.86,3865700,LONG
2026-06-18,PDBA,35.64,35.64,35.46,35.52,84900,LONG
2026-06-18,QQQ,737.2,741.82,732.51,740.62,50154600,BENCHMARK
2026-06-18,SLV,60.74,61.12,58.85,59.51,28928200,WATCH
2026-06-18,SPY,747.76,748.23,743.86,746.74,80875700,BENCHMARK
2026-06-18,UNG,11.41,11.82,11.41,11.74,6806800,SHORT
2026-06-18,VIXY,21.93,22.29,21.81,21.9,2256000,WATCH
2026-06-18,WEAT,23.09,23.15,22.87,22.94,382300,LONG
2026-06-18,XLY,116.65,117.66,115.54,117.16,8728500,SHORT
2026-06-18,^VIX,17.23,17.6,16.35,16.4,0,WATCH
2026-06-19,^VIX,17.04,17.27,16.72,16.78,0,WATCH
2026-06-22,ADM,75.45,76.52,74.52,76.29,3567700,WATCH
2026-06-22,BG,112.61,113.1,110.44,111.42,2071400,WATCH
2026-06-22,CF,102.4,104.0,102.11,103.6,3271200,LONG
2026-06-22,CORN,16.9,16.91,16.76,16.77,324600,LONG
2026-06-22,DBA,26.73,26.75,26.64,26.65,2362200,LONG
2026-06-22,DIA,516.84,518.91,515.99,517.08,6552200,BENCHMARK
2026-06-22,GLD,384.25,386.41,382.64,384.59,7835100,WATCH
2026-06-22,MOS,22.63,22.74,21.91,22.0,8779600,LONG
2026-06-22,NTR,62.55,62.81,61.95,62.25,2444800,LONG
2026-06-22,PDBA,35.6,35.66,35.52,35.53,2102600,LONG
2026-06-22,QQQ,742.02,745.45,734.39,737.95,43518600,BENCHMARK
2026-06-22,SLV,60.09,60.33,58.75,58.91,16469800,WATCH
2026-06-22,SPY,747.7,750.18,743.13,744.39,46628100,BENCHMARK
2026-06-22,UNG,11.87,11.96,11.77,11.77,3662800,SHORT
2026-06-22,VIXY,21.47,21.94,21.17,21.85,1853200,WATCH
2026-06-22,WEAT,22.8,22.94,22.73,22.75,344700,LONG
2026-06-22,XLY,115.99,116.92,114.87,114.94,7555600,SHORT
2026-06-22,^VIX,17.48,17.92,16.49,17.28,0,WATCH
2026-06-23,ADM,76.03,76.75,75.68,75.84,3369300,WATCH
2026-06-23,BG,111.51,112.59,110.65,110.86,1663200,WATCH
2026-06-23,CF,102.93,103.69,101.64,102.17,2039700,LONG
2026-06-23,CORN,16.83,16.83,16.66,16.74,230700,LONG
2026-06-23,DBA,26.62,26.73,26.58,26.6,1704800,LONG
2026-06-23,DIA,514.68,518.72,512.97,516.62,5039200,BENCHMARK
2026-06-23,GLD,377.72,380.35,377.17,377.32,7389600,WATCH
2026-06-23,MOS,21.5,21.78,21.07,21.25,8999800,LONG
2026-06-23,NTR,61.33,61.96,61.21,61.54,3074200,LONG
2026-06-23,PDBA,35.53,35.59,35.45,35.45,82800,LONG
2026-06-23,QQQ,715.74,723.61,712.11,713.65,53354200,BENCHMARK
2026-06-23,SLV,56.16,56.51,55.47,55.73,20777800,WATCH
2026-06-23,SPY,733.81,739.63,732.3,733.58,66846800,BENCHMARK
2026-06-23,UNG,11.58,11.67,11.41,11.5,5614800,SHORT
2026-06-23,VIXY,23.0,23.26,22.54,22.98,3341000,WATCH
2026-06-23,WEAT,22.71,22.73,22.41,22.42,367200,LONG
2026-06-23,XLY,113.95,114.66,113.47,113.76,9196000,SHORT
2026-06-23,^VIX,19.67,20.54,18.61,19.49,0,WATCH
2026-06-24,ADM,75.98,75.98,71.62,75.08,5438800,WATCH
2026-06-24,BG,109.6,110.01,106.0,108.99,2784200,WATCH
2026-06-24,CF,102.09,103.27,100.7,103.09,2825300,LONG
2026-06-24,CORN,16.78,16.81,16.59,16.62,508000,LONG
2026-06-24,DBA,26.65,26.76,26.56,26.56,834700,LONG
2026-06-24,DIA,516.19,522.43,516.01,518.52,4395900,BENCHMARK
2026-06-24,GLD,364.81,370.9,363.32,365.92,12741700,WATCH
2026-06-24,MOS,20.93,21.48,20.85,20.86,9888100,LONG
2026-06-24,NTR,60.66,61.525,60.26,60.37,4496100,LONG
2026-06-24,PDBA,35.59,35.685,35.41,35.438,879000,LONG
2026-06-24,QQQ,715.37,719.93,704.45,710.62,52480400,BENCHMARK
2026-06-24,SLV,52.94,53.9,50.31,51.78,51913700,WATCH
2026-06-24,SPY,735.17,739.95,730.84,733.24,57439500,BENCHMARK
2026-06-24,UNG,11.52,11.76,11.48,11.73,4699900,SHORT
2026-06-24,VIXY,22.81,23.27,22.33,22.91,2867600,WATCH
2026-06-24,WEAT,22.49,22.77,22.35,22.36,379000,LONG
2026-06-24,XLY,114.15,116.96,113.93,115.07,8301400,SHORT
2026-06-24,^VIX,19.13,20.34,18.04,18.63,0,WATCH
2026-06-25,ADM,74.8,76.62,74.65,76.54,4129500,WATCH
2026-06-25,BG,108.84,111.57,108.3,111.55,1763500,WATCH
2026-06-25,CF,102.19,105.77,101.09,105.49,3072000,LONG
2026-06-25,CORN,16.64,17.0,16.61,16.95,711800,LONG
2026-06-25,DBA,26.63,26.94,26.6,26.92,1352800,LONG
2026-06-25,DIA,521.19,526.57,518.55,519.26,5357500,BENCHMARK
2026-06-25,GLD,368.99,371.04,366.8,369.46,9137100,WATCH
2026-06-25,MOS,21.17,21.87,21.08,21.73,9394700,LONG
2026-06-25,NTR,60.07,61.12,59.73,60.96,1611800,LONG
2026-06-25,PDBA,35.55,35.88,35.5,35.88,64900,LONG
2026-06-25,QQQ,725.9,726.83,705.3,716.38,49668000,BENCHMARK
2026-06-25,SLV,52.71,53.2,51.5,52.36,24606600,WATCH
2026-06-25,SPY,738.91,739.37,729.6,734.3,53934400,BENCHMARK
2026-06-25,UNG,11.94,11.98,11.58,11.75,6264600,SHORT
2026-06-25,VIXY,22.02,22.88,22.0,22.48,2560100,WATCH
2026-06-25,WEAT,22.27,22.58,22.17,22.56,432400,LONG
2026-06-25,XLY,114.65,115.06,113.13,113.35,7151300,SHORT
2026-06-25,^VIX,18.11,19.95,17.72,18.89,0,WATCH
2026-06-26,ADM,76.44,78.13,76.28,76.79,4072300,WATCH
2026-06-26,BG,112.13,112.8,109.71,110.54,1556000,WATCH
2026-06-26,CF,105.01,108.1,104.98,105.7,2753900,LONG
2026-06-26,CORN,16.91,17.05,16.86,16.86,267600,LONG
2026-06-26,DBA,26.79,26.91,26.77,26.8,621100,LONG
2026-06-26,DIA,517.0,521.28,516.1,517.75,3819800,BENCHMARK
2026-06-26,GLD,372.27,375.85,371.18,373.63,5591900,WATCH
2026-06-26,MOS,21.74,22.58,21.71,22.38,9574800,LONG
2026-06-26,NTR,60.57,61.86,60.57,60.98,2493100,LONG
2026-06-26,PDBA,35.78,35.86,35.72,35.72,115800,LONG
2026-06-26,QQQ,707.13,715.56,702.81,706.52,46937400,BENCHMARK
2026-06-26,SLV,52.87,53.87,52.46,53.28,15404300,WATCH
2026-06-26,SPY,728.95,736.53,716.58,728.99,70932800,BENCHMARK
2026-06-26,UNG,12.01,12.11,11.76,11.87,9242400,SHORT
2026-06-26,VIXY,23.18,23.46,22.38,22.62,2271500,WATCH
2026-06-26,WEAT,22.21,22.34,22.03,22.17,305200,LONG
2026-06-26,XLY,113.2,115.46,113.16,114.37,8948900,SHORT
2026-06-26,^VIX,19.7,20.72,18.2,18.41,0,WATCH
2026-06-29,ADM,77.09,77.8,76.43,76.87,3019400,WATCH
2026-06-29,BG,111.04,111.52,108.35,109.1,1236600,WATCH
2026-06-29,CF,105.7,106.75,104.46,105.4,2220100,LONG
2026-06-29,CORN,16.69,16.7,16.41,16.47,340400,LONG
2026-06-29,DBA,26.74,26.74,26.48,26.51,2364400,LONG
2026-06-29,DIA,520.63,522.98,519.4,521.68,5733400,BENCHMARK
2026-06-29,GLD,370.58,371.19,366.97,368.58,5006300,WATCH
2026-06-29,MOS,22.39,22.57,21.91,22.44,7628800,LONG
2026-06-29,NTR,60.2633,60.7588,59.1831,60.63,5233800,LONG
2026-06-29,PDBA,35.75,35.75,33.69,35.4,2229200,LONG
2026-06-29,QQQ,713.99,724.58,705.17,724.08,44939100,BENCHMARK
2026-06-29,SLV,52.78,52.93,51.93,52.68,14264300,WATCH
2026-06-29,SPY,736.53,741.56,732.09,741.0,58035200,BENCHMARK
2026-06-29,UNG,11.52,11.55,11.38,11.43,5436900,SHORT
2026-06-29,VIXY,22.03,22.63,21.7,21.7,3005100,WATCH
2026-06-29,WEAT,22.15,22.2,21.78,21.81,413900,LONG
2026-06-29,XLY,115.21,117.54,115.04,117.12,10586700,SHORT
2026-06-29,^VIX,18.6,19.45,17.49,17.65,0,WATCH
2026-06-30,ADM,77.37,77.79,76.02,76.4,2970200,WATCH
2026-06-30,BG,109.69,110.18,106.48,106.73,2056500,WATCH
2026-06-30,CF,107.93,110.31,107.8,108.26,3136700,LONG
2026-06-30,CORN,16.53,16.88,16.37,16.75,681800,LONG
2026-06-30,DBA,26.62,26.77,26.45,26.67,707400,LONG
2026-06-30,DIA,522.35,523.14,519.59,522.39,3607900,BENCHMARK
2026-06-30,GLD,369.22,372.83,368.26,368.38,5302100,WATCH
2026-06-30,MOS,21.71,21.78,20.83,21.19,15591200,LONG
2026-06-30,NTR,62.29,63.53,62.29,62.95,6128900,LONG
2026-06-30,PDBA,35.57,35.67,35.32,35.62,127300,LONG
2026-06-30,QQQ,724.18,737.62,723.91,736.4,42121800,BENCHMARK
2026-06-30,SLV,53.33,54.65,53.19,53.47,15720000,WATCH
2026-06-30,SPY,741.29,748.02,740.89,746.77,55626000,BENCHMARK
2026-06-30,UNG,11.72,11.98,11.67,11.72,6091400,SHORT
2026-06-30,VIXY,21.78,21.87,20.28,21.29,1649500,WATCH
2026-06-30,WEAT,21.92,22.31,21.64,22.03,632100,LONG
2026-06-30,XLY,116.23,117.57,116.23,117.28,5167900,SHORT
2026-06-30,^VIX,17.54,17.75,16.27,16.45,0,WATCH
2026-07-01,ADM,76.29,76.84,75.28,76.61,2792500,WATCH
2026-07-01,BG,106.38,106.87,104.12,104.89,2297200,WATCH
2026-07-01,CF,108.41,110.35,107.5,108.16,2586400,LONG
2026-07-01,CORN,16.92,17.0,16.81,16.95,454400,LONG
2026-07-01,DBA,26.74,26.92,26.74,26.86,517900,LONG
2026-07-01,DIA,521.43,526.72,519.62,522.4,3438400,BENCHMARK
2026-07-01,GLD,371.21,377.78,370.21,370.6,9058300,WATCH
2026-07-01,MOS,21.1,21.85,21.04,21.3,10502100,LONG
2026-07-01,NTR,62.64,63.59,62.41,63.57,2451400,LONG
2026-07-01,PDBA,35.82,35.94,35.74,35.88,134800,LONG
2026-07-01,QQQ,729.19,731.92,724.6,725.17,40803800,BENCHMARK
2026-07-01,SLV,53.33,55.16,53.23,53.58,16209100,WATCH
2026-07-01,SPY,745.0,749.44,742.38,745.76,47100900,BENCHMARK
2026-07-01,UNG,11.65,11.72,11.51,11.52,3684900,SHORT
2026-07-01,VIXY,21.51,21.72,21.22,21.52,1982300,WATCH
2026-07-01,WEAT,22.38,22.67,22.35,22.4,307900,LONG
2026-07-01,XLY,117.78,119.16,116.9,118.09,9864300,SHORT
2026-07-01,^VIX,17.11,17.3,15.97,16.59,0,WATCH
2026-07-02,ADM,76.7,77.49,76.05,76.79,2595500,WATCH
2026-07-02,BG,105.19,106.85,104.37,106.46,1767200,WATCH
2026-07-02,CF,108.29,111.83,108.2,110.54,1932200,LONG
2026-07-02,CORN,16.99,17.08,16.86,16.86,212300,LONG
2026-07-02,DBA,26.87,26.97,26.72,26.74,387300,LONG
2026-07-02,DIA,525.49,528.26,523.73,527.88,3518700,BENCHMARK
2026-07-02,GLD,377.44,380.27,376.29,378.13,7592900,WATCH
2026-07-02,MOS,21.5,21.58,20.98,21.13,9023800,LONG
2026-07-02,NTR,63.05,65.22,63.05,65.06,2858300,LONG
2026-07-02,PDBA,35.93,35.96,35.66,35.69,243300,LONG
2026-07-02,QQQ,725.58,730.83,707.56,712.6,50959800,BENCHMARK
2026-07-02,SLV,55.11,56.13,54.57,55.02,16907700,WATCH
2026-07-02,SPY,747.4,751.31,740.03,744.78,57447800,BENCHMARK
2026-07-02,UNG,11.47,11.59,11.34,11.58,5114700,SHORT
2026-07-02,VIXY,21.26,21.76,20.96,21.23,2536900,WATCH
2026-07-02,WEAT,22.51,22.65,22.37,22.41,324400,LONG
2026-07-02,XLY,118.63,119.21,116.58,117.12,10882400,SHORT
2026-07-02,^VIX,17.05,17.21,15.79,16.15,0,WATCH
2026-07-03,^VIX,15.78,16.01,15.75,15.81,0,WATCH
2026-07-06,ADM,76.98,78.17,76.5,77.93,3145000,WATCH
2026-07-06,BG,106.36,108.9,105.87,108.78,1048300,WATCH
2026-07-06,CF,109.69,114.44,109.66,113.2,3139900,LONG
2026-07-06,CORN,17.32,17.48,17.29,17.45,397800,LONG
2026-07-06,DBA,27.18,27.59,27.15,27.54,1314100,LONG
2026-07-06,DIA,528.72,530.09,525.85,530.09,3236900,BENCHMARK
2026-07-06,GLD,380.21,382.43,378.83,382.13,3906500,WATCH
2026-07-06,MOS,21.07,21.43,20.82,21.18,7742400,LONG
2026-07-06,NTR,64.8,65.5,63.91,64.54,2884100,LONG
2026-07-06,PDBA,36.48,36.79,36.33,36.76,382200,LONG
2026-07-06,QQQ,719.93,726.08,718.45,722.82,30220400,BENCHMARK
2026-07-06,SLV,55.74,56.37,55.61,56.11,13649000,WATCH
2026-07-06,SPY,748.74,752.41,747.41,751.28,50673300,BENCHMARK
2026-07-06,UNG,11.52,11.72,11.46,11.71,3871000,SHORT
2026-07-06,VIXY,20.94,20.94,20.61,20.65,2114700,WATCH
2026-07-06,WEAT,22.73,22.97,22.68,22.93,255500,LONG
2026-07-06,XLY,117.53,118.19,116.1,118.01,9063600,SHORT
2026-07-06,^VIX,16.4,16.5,15.56,15.57,0,WATCH
2026-07-07,ADM,78.75,79.01,76.73,78.2,4442400,WATCH
2026-07-07,BG,110.28,111.55,108.3,110.91,2256200,WATCH
2026-07-07,CF,111.9,115.92,110.04,114.94,3348700,LONG
2026-07-07,CORN,17.48,17.66,17.37,17.63,362600,LONG
2026-07-07,DBA,27.5,27.58,27.38,27.55,1175500,LONG
2026-07-07,DIA,532.51,532.54,527.11,528.45,4489200,BENCHMARK
2026-07-07,GLD,382.39,383.6,375.52,377.49,4815400,WATCH
2026-07-07,MOS,21.15,21.49,20.69,21.12,7716300,LONG
2026-07-07,NTR,64.24,65.71,64.24,65.32,3266400,LONG
2026-07-07,PDBA,37.0,37.0,36.55,36.78,199000,LONG
2026-07-07,QQQ,714.17,716.35,704.9,709.43,42483100,BENCHMARK
2026-07-07,SLV,55.39,55.94,53.75,54.46,14497800,WATCH
2026-07-07,SPY,750.22,750.96,745.21,747.71,43721500,BENCHMARK
2026-07-07,UNG,11.65,11.85,11.62,11.76,5501800,SHORT
2026-07-07,VIXY,20.69,21.15,20.55,20.87,2515800,WATCH
2026-07-07,WEAT,22.95,23.11,22.88,23.09,412400,LONG
2026-07-07,XLY,118.92,119.12,117.11,117.39,9191400,SHORT
2026-07-07,^VIX,15.87,16.64,15.53,16.13,0,WATCH
2026-07-08,ADM,79.8,80.57,79.25,80.29,3526400,WATCH
2026-07-08,BG,113.61,116.45,113.16,115.23,1703200,WATCH
2026-07-08,CF,116.32,118.18,114.0,117.02,3999200,LONG
2026-07-08,CORN,17.63,17.65,17.31,17.33,230900,LONG
2026-07-08,DBA,27.64,27.69,27.53,27.62,681800,LONG
2026-07-08,DIA,523.34,524.46,520.03,522.77,3575000,BENCHMARK
2026-07-08,GLD,373.17,375.47,368.95,374.45,7728500,WATCH
2026-07-08,MOS,21.16,21.35,20.59,20.65,8148500,LONG
2026-07-08,NTR,66.33,67.055,65.465,66.76,3296400,LONG
2026-07-08,PDBA,36.91,36.91,36.72,36.819,236900,LONG
2026-07-08,QQQ,704.95,712.26,700.91,711.44,35603200,BENCHMARK
2026-07-08,SLV,52.76,53.09,51.72,52.83,20091200,WATCH
2026-07-08,SPY,743.16,746.15,739.51,745.4,43767400,BENCHMARK
2026-07-08,UNG,11.84,11.85,11.54,11.6,5952400,SHORT
2026-07-08,VIXY,21.33,21.95,20.94,21.23,3686000,WATCH
2026-07-08,WEAT,23.18,23.26,22.66,22.7,257700,LONG
2026-07-08,XLY,116.31,116.32,114.44,115.3,15042700,SHORT
2026-07-08,^VIX,16.55,18.91,16.35,16.9,0,WATCH
2026-07-09,ADM,79.61,80.85,78.9,78.98,3112000,WATCH
2026-07-09,BG,114.23,116.18,112.68,113.62,1799600,WATCH
2026-07-09,CF,117.22,117.24,113.93,114.02,2472900,LONG
2026-07-09,CORN,17.26,17.37,17.17,17.25,192200,LONG
2026-07-09,DBA,27.67,27.88,27.64,27.71,607900,LONG
2026-07-09,DIA,523.65,525.15,522.14,524.19,3056400,BENCHMARK
2026-07-09,GLD,378.51,379.65,377.41,378.18,4754600,WATCH
2026-07-09,MOS,20.66,21.02,20.42,20.75,6543400,LONG
2026-07-09,NTR,66.4,66.68,64.51,64.57,2402500,LONG
2026-07-09,PDBA,36.96,37.19,36.89,36.961,115600,LONG
2026-07-09,QQQ,718.33,724.23,715.13,723.28,33654700,BENCHMARK
2026-07-09,SLV,54.11,54.78,53.99,54.14,11833000,WATCH
2026-07-09,SPY,747.35,751.97,745.59,751.71,41441700,BENCHMARK
2026-07-09,UNG,11.29,11.29,10.78,10.83,10983300,SHORT
2026-07-09,VIXY,21.08,21.3,20.78,20.81,1582300,WATCH
2026-07-09,WEAT,22.67,23.14,22.64,23.05,288400,LONG
2026-07-09,XLY,114.72,116.88,114.55,116.85,8521800,SHORT
2026-07-09,^VIX,16.58,17.27,15.76,15.84,0,WATCH
2026-07-10,ADM,79.22,80.55,79.01,80.41,2970700,WATCH
2026-07-10,BG,114.0,115.73,112.69,114.32,845600,WATCH
2026-07-10,CF,114.88,116.98,113.32,116.92,1116300,LONG
2026-07-10,CORN,17.33,17.55,17.22,17.48,406500,LONG
2026-07-10,DBA,27.65,27.81,27.5,27.77,1459200,LONG
2026-07-10,DIA,525.64,526.47,521.74,525.78,3469400,BENCHMARK
2026-07-10,GLD,375.0,377.55,373.7,377.01,5455400,WATCH
2026-07-10,MOS,20.86,21.66,20.86,21.51,6736600,LONG
2026-07-10,NTR,65.11,65.49,64.305,65.43,1537200,LONG
2026-07-10,PDBA,36.98,37.1,36.76,36.98,339900,LONG
2026-07-10,QQQ,720.7,726.39,717.0,725.51,26415900,BENCHMARK
2026-07-10,SLV,53.69,54.29,53.23,53.95,11734300,WATCH
2026-07-10,SPY,752.05,755.42,748.1,754.95,42191300,BENCHMARK
2026-07-10,UNG,10.57,10.62,10.35,10.6,8356400,SHORT
2026-07-10,VIXY,20.75,21.22,20.3,20.34,2608900,WATCH
2026-07-10,WEAT,23.3,24.02,23.3,23.72,641900,LONG
2026-07-10,XLY,117.59,117.89,116.48,117.24,5971500,SHORT
2026-07-10,^VIX,16.06,16.16,14.96,15.03,0,WATCH
2026-07-13,ADM,81.16,82.47,80.73,82.04,2700700,WATCH
2026-07-13,BG,115.76,118.24,115.69,117.4,1023400,WATCH
2026-07-13,CF,118.82,121.42,118.68,120.92,2527200,LONG
2026-07-13,CORN,17.65,17.75,17.53,17.55,383800,LONG
2026-07-13,DBA,27.81,27.9,27.7,27.72,1160000,LONG
2026-07-13,DIA,525.84,527.86,522.9,524.47,2723800,BENCHMARK
2026-07-13,GLD,372.77,372.89,365.77,367.13,7161700,WATCH
2026-07-13,MOS,21.71,22.52,21.71,22.31,8700400,LONG
2026-07-13,NTR,66.2,67.8,66.2,67.6,1996100,LONG
2026-07-13,PDBA,37.17,37.19,36.96,37.01,33200,LONG
2026-07-13,QQQ,717.72,718.74,710.08,711.74,36552400,BENCHMARK
2026-07-13,SLV,52.95,53.0,51.78,52.16,17653100,WATCH
2026-07-13,SPY,752.47,753.91,748.0,749.17,44013600,BENCHMARK
2026-07-13,UNG,10.31,10.5,10.26,10.37,11573600,SHORT
2026-07-13,VIXY,20.59,21.15,20.35,21.02,2771000,WATCH
2026-07-13,WEAT,23.76,23.88,23.63,23.66,267900,LONG
2026-07-13,XLY,117.2,117.52,115.62,116.04,5984800,SHORT
2026-07-13,^VIX,16.32,17.41,16.03,17.16,0,WATCH
2026-07-14,ADM,83.0,83.0,81.44,82.28,2317000,WATCH
2026-07-14,BG,118.62,118.62,115.53,116.63,1068300,WATCH
2026-07-14,CF,121.71,122.41,118.95,119.19,1848400,LONG
2026-07-14,CORN,17.39,17.53,17.39,17.49,215100,LONG
2026-07-14,DBA,27.63,27.68,27.55,27.63,602500,LONG
2026-07-14,DIA,523.32,526.72,522.56,524.69,3664000,BENCHMARK
2026-07-14,GLD,374.53,376.28,370.92,372.15,6303400,WATCH
2026-07-14,MOS,22.64,23.09,22.42,22.94,8429800,LONG
2026-07-14,NTR,68.09,69.235,68.01,68.64,2406400,LONG
2026-07-14,PDBA,36.87,36.92,36.78,36.888,49100,LONG
2026-07-14,QQQ,720.22,722.29,714.34,719.69,29448100,BENCHMARK
2026-07-14,SLV,53.53,53.94,52.86,53.17,13208700,WATCH
2026-07-14,SPY,750.91,753.34,748.66,751.83,35143100,BENCHMARK
2026-07-14,UNG,10.41,10.55,10.32,10.52,5657700,SHORT
2026-07-14,VIXY,20.66,20.81,20.44,20.66,1373300,WATCH
2026-07-14,WEAT,23.54,23.99,23.52,23.91,299900,LONG
2026-07-14,XLY,116.01,116.4,115.46,115.9,6669300,SHORT
2026-07-14,^VIX,17.21,17.56,16.15,16.5,0,WATCH
2026-07-15,ADM,82.21,82.72,81.46,82.3,2421600,WATCH
2026-07-15,BG,116.31,117.01,114.64,115.72,838200,WATCH
2026-07-15,CF,118.27,119.72,113.91,117.82,2325900,LONG
2026-07-15,CORN,17.6,17.85,17.59,17.79,253400,LONG
2026-07-15,DBA,27.67,28.0,27.67,27.98,1448600,LONG
2026-07-15,DIA,525.7507,527.5802,523.5514,525.8007,3246900,BENCHMARK
2026-07-15,GLD,372.11,374.49,369.5,372.35,7683700,WATCH
2026-07-15,MOS,23.03,23.25,22.35,23.04,6948900,LONG
2026-07-15,NTR,68.5,69.21,67.18,68.33,1628100,LONG
2026-07-15,PDBA,36.976,37.38,36.97,37.36,29200,LONG
2026-07-15,QQQ,723.85,724.36,710.23,717.74,32627600,BENCHMARK
2026-07-15,SLV,52.71,52.9,51.19,52.21,16315300,WATCH
2026-07-15,SPY,754.24,755.58,750.2,754.81,43844800,BENCHMARK
2026-07-15,UNG,10.4,10.58,10.35,10.55,5971500,SHORT
2026-07-15,VIXY,20.43,20.67,20.05,20.06,1917400,WATCH
2026-07-15,WEAT,24.52,25.09,24.52,24.92,740200,LONG
2026-07-15,XLY,116.46,117.81,116.46,117.0,9073000,SHORT
2026-07-15,^VIX,16.2,16.57,15.64,15.67,0,WATCH
2026-07-16,ADM,82.6,83.5,82.24,83.0,2183500,WATCH
2026-07-16,BG,116.13,117.48,115.45,115.83,845600,WATCH
2026-07-16,CF,119.52,121.71,118.34,118.66,2152000,LONG
2026-07-16,CORN,17.75,17.83,17.59,17.62,304300,LONG
2026-07-16,DBA,27.82,27.83,27.56,27.59,645400,LONG
2026-07-16,DIA,526.6604,527.7801,522.9215,524.681,3173300,BENCHMARK
2026-07-16,GLD,367.45,368.43,364.05,364.96,9048000,WATCH
2026-07-16,MOS,23.14,23.4,22.38,22.53,6038600,LONG
2026-07-16,NTR,67.11,67.72,66.51,67.1,1970500,LONG
2026-07-16,PDBA,37.06,37.1,36.8,36.84,82000,LONG
2026-07-16,QQQ,712.01,713.6,702.61,705.94,39402000,BENCHMARK
2026-07-16,SLV,50.91,51.08,50.02,50.39,19377900,WATCH
2026-07-16,SPY,752.76,754.57,747.88,750.72,46409800,BENCHMARK
2026-07-16,UNG,10.59,10.69,10.18,10.42,11982800,SHORT
2026-07-16,VIXY,20.29,20.87,20.17,20.56,1960800,WATCH
2026-07-16,WEAT,24.88,25.2,24.83,24.92,519900,LONG
2026-07-16,XLY,117.12,118.22,116.86,117.34,6057000,SHORT
2026-07-16,^VIX,15.82,17.23,15.77,16.73,0,WATCH
2026-07-17,ADM,83.7,86.0,83.7,85.9,4330500,WATCH
2026-07-17,BG,117.33,119.67,117.17,119.15,1041800,WATCH
2026-07-17,CF,119.96,123.0,119.52,121.42,3065500,LONG
2026-07-17,CORN,17.76,17.79,17.6,17.78,212200,LONG
2026-07-17,DBA,27.76,27.85,27.69,27.84,856300,LONG
2026-07-17,DIA,519.64,525.36,518.9,520.81,4736500,BENCHMARK
2026-07-17,GLD,364.11,369.21,363.6,368.41,6450700,WATCH
2026-07-17,MOS,22.46,22.9,22.09,22.13,6510400,LONG
2026-07-17,NTR,66.975,68.08,66.965,67.28,1612600,LONG
2026-07-17,PDBA,37.05,37.16,36.95,37.115,27300,LONG
2026-07-17,QQQ,691.65,702.3,686.76,695.33,53985400,BENCHMARK
2026-07-17,SLV,49.7,50.82,49.61,50.78,15457300,WATCH
2026-07-17,SPY,742.08,747.29,740.8,743.29,62569200,BENCHMARK
2026-07-17,UNG,10.48,10.53,10.38,10.51,7107400,SHORT
2026-07-17,VIXY,21.89,21.99,21.24,21.65,4658000,WATCH
2026-07-17,WEAT,25.1,25.31,24.87,25.25,632100,LONG
2026-07-17,XLY,115.91,116.87,115.32,115.44,10275100,SHORT
2026-07-17,^VIX,18.01,19.5,17.68,18.77,0,WATCH
2026-07-20,ADM,84.61,86.2,84.52,85.67,3181900,WATCH
2026-07-20,BG,119.5,121.12,117.96,120.49,1254600,WATCH
2026-07-20,CF,121.1,125.38,120.77,123.57,2798000,LONG
2026-07-20,CORN,17.98,18.03,17.87,17.91,344400,LONG
2026-07-20,DBA,27.98,28.08,27.9,28.02,713400,LONG
2026-07-20,DIA,522.04,523.4,517.16,517.94,2336600,BENCHMARK
2026-07-20,GLD,367.79,368.79,366.8,367.6,3922500,WATCH
2026-07-20,MOS,22.33,22.48,21.72,22.41,5126700,LONG
2026-07-20,NTR,66.79,67.06,66.01,66.66,2890400,LONG
2026-07-20,PDBA,37.265,37.455,37.24,37.39,121400,LONG
2026-07-20,QQQ,702.16,705.8,695.51,696.06,29687600,BENCHMARK
2026-07-20,SLV,51.2,51.7,50.95,50.98,12897600,WATCH
2026-07-20,SPY,747.06,748.73,741.51,742.09,50422300,BENCHMARK
2026-07-20,UNG,10.38,10.38,10.23,10.29,7163200,SHORT
2026-07-20,VIXY,20.89,21.42,20.2,21.23,2427900,WATCH
2026-07-20,WEAT,25.31,25.32,24.98,24.99,502200,LONG
2026-07-20,XLY,116.22,116.22,114.38,114.61,7804500,SHORT
2026-07-20,^VIX,18.9,18.94,17.41,18.65,0,WATCH
2026-07-21,ADM,86.39,87.33,85.46,86.2,3669500,WATCH
2026-07-21,BG,121.53,122.61,120.09,121.55,1109100,WATCH
2026-07-21,CF,124.19,125.81,122.35,122.96,2348100,LONG
2026-07-21,CORN,17.85,18.06,17.84,18.01,249800,LONG
2026-07-21,DBA,28.03,28.16,27.98,28.15,646400,LONG
2026-07-21,DIA,519.63,523.01,518.12,521.51,3240700,BENCHMARK
2026-07-21,GLD,371.7,375.01,371.07,374.81,6070600,WATCH
2026-07-21,MOS,22.8,22.85,21.9,21.97,7197700,LONG
2026-07-21,NTR,66.75,67.505,65.87,66.84,2027300,LONG
2026-07-21,PDBA,37.38,37.59,37.34,37.56,67100,LONG
2026-07-21,QQQ,706.57,710.05,702.8,708.97,33728300,BENCHMARK
2026-07-21,SLV,52.86,53.52,52.66,53.08,12776300,WATCH
2026-07-21,SPY,746.29,749.04,744.18,748.28,34324300,BENCHMARK
2026-07-21,UNG,10.33,10.45,10.28,10.4,5293700,SHORT
2026-07-21,VIXY,20.77,21.1,20.49,20.66,2404400,WATCH
2026-07-21,WEAT,24.85,25.23,24.78,25.2,335700,LONG
2026-07-21,XLY,114.64,115.17,114.28,114.87,6557800,SHORT
2026-07-21,^VIX,17.48,17.99,16.86,17.05,0,WATCH
2026-07-22,ADM,87.0,87.67,86.21,87.32,3702100,WATCH
2026-07-22,BG,123.36,124.43,122.97,123.88,944300,WATCH
2026-07-22,CF,125.84,127.48,124.81,127.35,2035800,LONG
2026-07-22,CORN,18.2,18.34,18.17,18.28,407500,LONG
2026-07-22,DBA,28.2,28.3,28.15,28.23,647600,LONG
2026-07-22,DIA,521.63,524.37,521.01,521.47,3204100,BENCHMARK
2026-07-22,GLD,379.07,382.22,378.83,379.12,7115100,WATCH
2026-07-22,MOS,22.55,22.99,22.29,22.78,8387200,LONG
2026-07-22,NTR,67.81,68.83,67.78,68.5,1526700,LONG
2026-07-22,PDBA,37.71,37.78,37.59,37.72,40300,LONG
2026-07-22,QQQ,703.62,709.65,703.62,705.35,23692200,BENCHMARK
2026-07-22,SLV,53.78,55.08,53.78,53.92,13925300,WATCH
2026-07-22,SPY,746.62,750.02,746.37,747.41,32836200,BENCHMARK
2026-07-22,UNG,10.46,10.65,10.45,10.6,5825300,SHORT
2026-07-22,VIXY,20.77,20.98,20.31,20.72,1831900,WATCH
2026-07-22,WEAT,25.74,26.08,25.54,26.0,992300,LONG
2026-07-22,XLY,114.9,115.23,113.82,114.02,7106000,SHORT
2026-07-22,^VIX,17.42,19.49,16.64,16.64,0,WATCH
2026-07-23,ADM,87.32,88.46,86.09,86.35,2573800,WATCH
2026-07-23,BG,124.74,125.75,121.67,122.3,852600,WATCH
2026-07-23,CF,130.0,130.05,125.59,126.71,1814000,LONG
2026-07-23,CORN,18.35,18.44,18.27,18.31,378500,LONG
2026-07-23,DBA,28.31,28.34,28.16,28.24,600700,LONG
2026-07-23,DIA,515.07,518.17,514.72,516.26,4305100,BENCHMARK
2026-07-23,GLD,372.36,373.09,370.53,371.52,9820600,WATCH
2026-07-23,MOS,23.03,23.27,22.09,22.28,6084400,LONG
2026-07-23,NTR,69.02,69.88,68.19,68.54,1742600,LONG
2026-07-23,PDBA,37.76,37.89,37.64,37.733,125200,LONG
2026-07-23,QQQ,694.67,698.66,687.79,691.96,44028600,BENCHMARK
2026-07-23,SLV,52.09,52.46,51.77,52.06,13725000,WATCH
2026-07-23,SPY,739.37,742.56,735.21,738.18,55437300,BENCHMARK
2026-07-23,UNG,10.63,10.74,10.59,10.61,7649100,SHORT
2026-07-23,VIXY,21.95,22.31,21.61,21.78,4269200,WATCH
2026-07-23,WEAT,25.96,26.0,25.59,25.63,438300,LONG
2026-07-23,XLY,110.48,110.59,108.29,108.76,12650300,SHORT
2026-07-23,^VIX,17.67,20.31,17.32,18.7,0,WATCH
2026-07-24,ADM,86.61,87.21,85.78,85.92,1654793,WATCH
2026-07-24,BG,123.33,123.45,121.42,121.53,602000,WATCH
2026-07-24,CF,126.49,127.0,123.04,125.07,1418800,LONG
2026-07-24,CORN,18.26,18.37,18.08,18.3,343400,LONG
2026-07-24,DBA,28.12,28.36,28.06,28.24,529600,LONG
2026-07-24,DIA,517.28,520.56,516.27,518.76,3324400,BENCHMARK
2026-07-24,GLD,371.26,374.49,371.03,371.9,3839800,WATCH
2026-07-24,MOS,22.25,22.77,22.2,22.3,6457200,LONG
2026-07-24,NTR,68.32,68.515,67.625,68.1,1597000,LONG
2026-07-24,PDBA,37.54,37.84,37.452,37.714,47600,LONG
2026-07-24,QQQ,690.41,692.63,682.48,684.23,42783600,BENCHMARK
2026-07-24,SLV,52.34,53.33,52.3,52.59,11104200,WATCH
2026-07-24,SPY,738.51,743.72,737.29,738.93,44725600,BENCHMARK
2026-07-24,UNG,10.81,10.82,10.49,10.55,7228800,SHORT
2026-07-24,VIXY,21.61,21.76,20.99,21.44,2720800,WATCH
2026-07-24,WEAT,25.0,25.23,24.53,25.22,1042900,LONG
2026-07-24,XLY,109.1,109.935,108.65,109.41,8194193,SHORT
2026-07-24,^VIX,18.96,19.05,17.41,18.58,0,WATCH
2026-07-27,ADM,84.43,84.5,82.49,83.19,3733100,WATCH
2026-07-27,BG,119.78,120.25,116.83,117.5,1179500,WATCH
2026-07-27,CF,121.77,121.98,119.14,119.78,2508600,LONG
2026-07-27,CORN,17.95,18.01,17.88,17.91,353400,LONG
2026-07-27,DBA,27.85,27.92,27.61,27.62,1139400,LONG
2026-07-27,DIA,524.7,525.34,519.29,521.26,3355200,BENCHMARK
2026-07-27,GLD,373.89,375.53,372.91,374.63,3700000,WATCH
2026-07-27,MOS,22.42,22.73,22.02,22.34,6903400,LONG
2026-07-27,NTR,66.95,67.87,65.76,67.4,2286300,LONG
2026-07-27,PDBA,37.22,37.22,36.87,36.93,94100,LONG
2026-07-27,QQQ,691.68,692.3,675.95,682.12,42681500,BENCHMARK
2026-07-27,SLV,53.04,53.33,52.57,52.93,13115200,WATCH
2026-07-27,SPY,744.91,745.53,735.87,739.09,41461200,BENCHMARK
2026-07-27,UNG,10.22,10.26,10.1,10.11,8718600,SHORT
2026-07-27,VIXY,20.97,21.78,20.92,21.38,2301400,WATCH
2026-07-27,WEAT,25.03,25.09,24.48,24.52,674900,LONG
2026-07-27,XLY,110.87,111.36,110.3,110.84,6979100,SHORT
2026-07-27,^VIX,17.62,19.93,17.53,18.67,0,WATCH
2026-07-28,ADM,83.82,84.63,82.12,83.18,4612100,WATCH
2026-07-28,BG,117.65,119.58,115.03,117.37,1737700,WATCH
2026-07-28,CF,121.49,123.64,120.86,122.92,2184800,LONG
2026-07-28,CORN,17.93,18.22,17.93,18.08,265800,LONG
2026-07-28,DBA,27.63,27.96,27.63,27.84,1036000,LONG
2026-07-28,DIA,526.19,528.47,523.67,526.89,5157900,BENCHMARK
2026-07-28,GLD,369.61,371.23,367.98,369.37,4819300,WATCH
2026-07-28,MOS,22.77,23.17,22.69,23.08,8426800,LONG
2026-07-28,NTR,68.26,69.7,67.64,69.46,3318300,LONG
2026-07-28,PDBA,36.87,37.33,36.87,37.202,74600,LONG
2026-07-28,QQQ,676.23,679.4,667.88,675.49,51398700,BENCHMARK
2026-07-28,SLV,51.61,52.01,51.19,51.7,10764300,WATCH
2026-07-28,SPY,739.19,742.79,735.98,740.86,47322200,BENCHMARK
2026-07-28,UNG,10.03,10.03,9.75,9.8,15037900,SHORT
2026-07-28,VIXY,21.32,21.71,20.99,21.24,1873600,WATCH
2026-07-28,WEAT,24.38,24.67,24.32,24.62,491100,LONG
2026-07-28,XLY,111.66,112.53,111.25,112.48,6017900,SHORT
2026-07-28,^VIX,19.05,19.52,17.88,18.21,0,WATCH
2026-07-29,ADM,84.04,84.16,80.07,80.38,5105000,WATCH
2026-07-29,BG,112.89,115.95,107.31,107.78,2990100,WATCH
2026-07-29,CF,125.81,127.83,125.06,127.35,1796900,LONG
2026-07-29,CORN,18.0,18.01,17.81,17.83,384400,LONG
2026-07-29,DBA,27.83,27.83,27.49,27.49,601900,LONG
2026-07-29,DIA,522.46,523.17,514.82,515.41,7369400,BENCHMARK
2026-07-29,GLD,368.29,377.62,366.53,371.08,11839900,WATCH
2026-07-29,MOS,22.98,23.15,22.31,22.62,6934200,LONG
2026-07-29,NTR,70.25,70.64,69.6,70.59,2212500,LONG
2026-07-29,PDBA,37.14,37.14,36.67,36.724,68800,LONG
2026-07-29,QQQ,675.51,680.05,661.14,661.73,57233300,BENCHMARK
2026-07-29,SLV,51.72,53.56,51.27,51.77,20374100,WATCH
2026-07-29,SPY,739.97,742.68,729.1,729.46,70697200,BENCHMARK
2026-07-29,UNG,9.82,10.03,9.81,9.93,6439200,SHORT
2026-07-29,VIXY,21.53,23.27,20.96,22.53,5098500,WATCH
2026-07-29,WEAT,24.64,24.66,24.44,24.5,290400,LONG
2026-07-29,XLY,111.95,113.59,111.44,111.61,7534100,SHORT
2026-07-29,^VIX,18.27,20.88,17.45,20.66,0,WATCH
2026-07-30,ADM,80.41,81.29,78.93,80.61,3258800,WATCH
2026-07-30,BG,105.77,107.45,102.81,105.07,2537900,WATCH
2026-07-30,CF,125.56,127.19,124.54,125.77,1569100,LONG
2026-07-30,CORN,17.86,17.99,17.76,17.76,149100,LONG
2026-07-30,DBA,27.61,27.67,27.46,27.48,1299200,LONG
2026-07-30,DIA,518.84,521.98,515.87,521.51,3225300,BENCHMARK
2026-07-30,GLD,374.16,377.86,373.76,377.16,5968400,WATCH
2026-07-30,MOS,22.64,22.97,22.3,22.77,5714700,LONG
2026-07-30,NTR,70.11,70.965,69.38,70.72,1871000,LONG
2026-07-30,PDBA,36.8,36.9,36.66,36.68,54500,LONG
2026-07-30,QQQ,674.76,685.12,673.3,683.55,66753700,BENCHMARK
2026-07-30,SLV,52.35,53.55,52.21,53.5,16206600,WATCH
2026-07-30,SPY,736.05,742.45,734.59,741.69,66811300,BENCHMARK
2026-07-30,UNG,9.89,10.11,9.82,10.01,10505900,SHORT
2026-07-30,VIXY,21.62,21.92,21.06,21.07,2413800,WATCH
2026-07-30,WEAT,24.9,25.12,24.61,24.62,322400,LONG
2026-07-30,XLY,112.17,112.8,111.46,112.39,8074000,SHORT
2026-07-30,^VIX,19.56,20.08,17.0,17.09,0,WATCH
2026-07-31,ADM,80.3,80.44,79.17,79.27,7587600,WATCH
2026-07-31,BG,106.6,107.04,104.41,106.23,1600100,WATCH
2026-07-31,CF,126.0,127.55,124.17,125.19,2354300,LONG
2026-07-31,CORN,17.74,17.76,17.56,17.65,243800,LONG
2026-07-31,DBA,27.6,27.6,27.44,27.51,425400,LONG
2026-07-31,DIA,524.08,525.61,519.25,524.32,3975900,BENCHMARK
2026-07-31,GLD,370.84,372.01,368.82,371.54,6641400,WATCH
2026-07-31,MOS,22.65,22.98,22.07,22.12,11169100,LONG
2026-07-31,NTR,70.51,70.79,68.96,69.07,2089400,LONG
2026-07-31,PDBA,36.76,36.78,36.627,36.73,116200,LONG
2026-07-31,QQQ,692.11,695.77,680.05,687.99,50443900,BENCHMARK
2026-07-31,SLV,51.95,52.42,51.54,52.36,11557100,WATCH
2026-07-31,SPY,744.68,748.9,737.68,747.03,62339900,BENCHMARK
2026-07-31,UNG,9.99,10.08,9.88,10.06,7012600,SHORT
2026-07-31,VIXY,20.81,21.67,20.38,20.51,3208800,WATCH
2026-07-31,WEAT,24.37,24.38,23.71,23.81,1077000,LONG
2026-07-31,XLY,115.44,116.39,114.97,116.09,13158000,SHORT
2026-07-31,^VIX,16.82,18.7,15.82,15.99,0,WATCH
2026-08-03,ADM,78.9,78.97,77.3,78.06,4239600,WATCH
2026-08-03,BG,106.01,106.49,103.37,105.4,1171300,WATCH
2026-08-03,CF,123.0,123.97,117.72,118.3,2173200,LONG
2026-08-03,CORN,17.58,17.96,17.55,17.93,199100,LONG
2026-08-03,DBA,27.51,27.81,27.49,27.79,481800,LONG
2026-08-03,DIA,529.55,531.65,528.69,531.22,4328000,BENCHMARK
2026-08-03,GLD,370.1,372.04,368.64,371.71,4968900,WATCH
2026-08-03,MOS,22.27,22.43,21.61,21.81,7808100,LONG
2026-08-03,NTR,68.38,68.725,65.4,65.96,2374700,LONG
2026-08-03,PDBA,36.7,37.11,36.7,37.09,70600,LONG
2026-08-03,QQQ,688.3,701.59,685.82,700.07,44965100,BENCHMARK
2026-08-03,SLV,51.25,52.62,51.12,52.46,11966300,WATCH
2026-08-03,SPY,749.44,758.58,748.8,757.67,59927500,BENCHMARK
2026-08-03,UNG,10.11,10.14,10.0,10.11,6815200,SHORT
2026-08-03,VIXY,20.21,20.95,20.1,20.35,1698400,WATCH
2026-08-03,WEAT,23.86,24.33,23.74,24.26,431200,LONG
2026-08-03,XLY,117.64,119.12,117.64,118.21,10041500,SHORT
2026-08-03,^VIX,16.03,16.3,15.54,15.86,0,WATCH
2026-08-04,ADM,78.09,80.22,77.53,79.87,5073800,WATCH
2026-08-04,BG,104.92,108.41,104.53,106.73,2194300,WATCH
2026-08-04,CF,117.0,118.68,115.12,118.11,2040200,LONG
2026-08-04,CORN,17.78,17.82,17.69,17.75,129400,LONG
2026-08-04,DBA,27.55,27.69,27.48,27.66,741600,LONG
2026-08-04,DIA,537.9,542.09,536.0,540.43,6705400,BENCHMARK
2026-08-04,GLD,374.14,376.69,373.71,374.16,5723100,WATCH
2026-08-04,MOS,21.9,22.75,21.71,22.71,6729800,LONG
2026-08-04,NTR,66.38,67.285,65.115,66.92,3024800,LONG
2026-08-04,PDBA,36.807,37.0,36.71,36.915,145900,LONG
2026-08-04,QQQ,708.16,725.66,707.53,723.85,59778600,BENCHMARK
2026-08-04,SLV,53.97,54.28,53.58,53.84,14035800,WATCH
2026-08-04,SPY,760.63,773.41,760.52,771.33,69154800,BENCHMARK
2026-08-04,UNG,9.78,9.79,9.69,9.77,12619700,SHORT
2026-08-04,VIXY,19.98,20.45,19.97,20.45,2373400,WATCH
2026-08-04,WEAT,23.9,24.0,23.77,23.86,833400,LONG
2026-08-04,XLY,117.53,118.57,117.12,118.29,10500800,SHORT
2026-08-04,^VIX,15.76,16.65,15.51,16.5,0,WATCH
2026-08-05,ADM,81.85,82.94,77.53,77.58,5628900,WATCH
2026-08-05,BG,109.92,111.47,106.42,106.62,1701400,WATCH
2026-08-05,CF,118.47,118.67,115.76,116.71,2690400,LONG
2026-08-05,CORN,17.61,17.68,17.5,17.62,369900,LONG
2026-08-05,DBA,27.66,27.81,27.52,27.63,2092000,LONG
2026-08-05,DIA,543.3,546.75,542.65,542.81,5256700,BENCHMARK
2026-08-05,GLD,384.96,391.51,384.32,389.64,14758700,WATCH
2026-08-05,MOS,21.7,23.9,21.44,23.41,16529700,LONG
2026-08-05,NTR,67.5,67.84,66.02,66.92,3614800,LONG
2026-08-05,PDBA,36.99,36.99,36.716,36.88,45200,LONG
2026-08-05,QQQ,726.25,728.54,716.92,717.3,33540200,BENCHMARK
2026-08-05,SLV,56.1,56.75,55.8,56.07,21619200,WATCH
2026-08-05,SPY,775.85,776.85,769.51,769.79,44689100,BENCHMARK
2026-08-05,UNG,9.76,9.83,9.7,9.74,7819400,SHORT
2026-08-05,VIXY,20.53,20.62,19.63,19.77,2835900,WATCH
2026-08-05,WEAT,24.11,24.27,23.96,24.06,322700,LONG
2026-08-05,XLY,119.28,119.64,118.07,118.64,6117400,SHORT
2026-08-05,^VIX,16.15,18.43,15.48,15.81,0,WATCH
2026-08-06,ADM,78.59,79.37,77.09,77.51,4386500,WATCH
2026-08-06,BG,107.85,109.23,107.14,109.0,1904600,WATCH
2026-08-06,CF,111.99,117.18,109.43,116.73,3183200,LONG
2026-08-06,CORN,17.55,17.67,17.49,17.61,99500,LONG
2026-08-06,DBA,27.6,27.6,27.37,27.43,463900,LONG
2026-08-06,DIA,543.8,544.57,537.69,538.19,3651800,BENCHMARK
2026-08-06,GLD,389.5,392.12,387.27,389.67,10954300,WATCH
2026-08-06,MOS,23.0,23.95,22.44,23.46,8337200,LONG
2026-08-06,NTR,64.94,66.94,63.813,66.76,3009500,LONG
2026-08-06,PDBA,36.86,36.875,36.54,36.625,153700,LONG
2026-08-06,QQQ,710.82,719.32,708.5,714.65,33035900,BENCHMARK
2026-08-06,SLV,55.46,55.88,55.0,55.85,13389000,WATCH
2026-08-06,SPY,770.21,771.82,767.46,768.56,38416900,BENCHMARK
2026-08-06,UNG,9.73,9.73,9.55,9.63,13407200,SHORT
2026-08-06,VIXY,19.91,20.0,19.44,19.53,2052200,WATCH
2026-08-06,WEAT,24.06,24.06,23.54,23.72,284200,LONG
2026-08-06,XLY,118.61,118.8,117.71,118.1,4827900,SHORT
2026-08-06,^VIX,15.83,16.03,15.11,15.15,0,WATCH
2026-08-07,ADM,76.93,77.59,75.77,76.59,3082900,WATCH
2026-08-07,BG,108.4,110.36,107.6,108.38,1473200,WATCH
2026-08-07,CF,114.4,115.77,111.89,114.35,2041000,LONG
2026-08-07,CORN,17.75,17.81,17.61,17.64,138800,LONG
2026-08-07,DBA,27.48,27.69,27.47,27.62,412500,LONG
2026-08-07,DIA,538.71,540.22,537.43,539.62,2218600,BENCHMARK
2026-08-07,GLD,399.6,400.66,396.95,398.47,13301600,WATCH
2026-08-07,MOS,23.27,23.41,22.85,23.06,5694400,LONG
2026-08-07,NTR,65.64,66.01,64.37,64.42,2393168,LONG
2026-08-07,PDBA,36.74,36.96,36.74,36.85,121400,LONG
2026-08-07,QQQ,720.15,723.63,716.51,723.03,31024100,BENCHMARK
2026-08-07,SLV,58.0,58.18,56.99,57.5,20202300,WATCH
2026-08-07,SPY,771.02,773.92,769.61,773.26,43557000,BENCHMARK
2026-08-07,UNG,9.78,9.81,9.68,9.74,8050400,SHORT
2026-08-07,VIXY,19.58,19.65,19.43,19.56,1990300,WATCH
2026-08-07,WEAT,23.85,24.13,23.84,23.91,250100,LONG
2026-08-07,XLY,118.52,120.44,118.5,119.86,5077300,SHORT
2026-08-07,^VIX,15.3,15.36,14.77,14.9,0,WATCH
2026-08-10,ADM,76.22,80.64,76.22,80.49,5510000,WATCH
2026-08-10,BG,109.24,113.25,108.81,112.65,1250400,WATCH
2026-08-10,CF,115.5,121.6,115.5,121.48,2779400,LONG
2026-08-10,CORN,17.76,17.78,17.59,17.64,103200,LONG
2026-08-10,DBA,27.69,27.86,27.68,27.82,356900,LONG
2026-08-10,DIA,538.7,540.02,537.88,538.99,3408900,BENCHMARK
2026-08-10,GLD,397.71,403.24,395.93,402.54,11057000,WATCH
2026-08-10,MOS,22.88,23.48,22.43,23.47,5977300,LONG
2026-08-10,NTR,64.69,66.33,64.66,66.31,3498800,LONG
2026-08-10,PDBA,37.0,37.18,36.97,37.12,56100,LONG
2026-08-10,QQQ,722.39,724.67,720.33,720.87,26243200,BENCHMARK
2026-08-10,SLV,57.8,59.72,57.52,59.41,21772600,WATCH
2026-08-10,SPY,772.6,775.05,771.62,773.03,39249500,BENCHMARK
2026-08-10,UNG,10.17,10.23,10.13,10.14,11466500,SHORT
2026-08-10,VIXY,19.49,19.55,19.28,19.55,1691100,WATCH
2026-08-10,WEAT,24.3,24.35,24.0,24.01,231800,LONG
2026-08-10,XLY,119.23,119.86,118.86,119.67,4466100,SHORT
2026-08-10,^VIX,15.4,15.72,15.1,15.46,0,WATCH
2026-08-11,ADM,80.22,80.91,79.27,80.46,3523200,WATCH
2026-08-11,BG,112.75,113.89,111.38,111.6,954100,WATCH
2026-08-11,CF,120.27,121.53,117.27,117.8,3098100,LONG
2026-08-11,CORN,17.52,17.62,17.5,17.57,218200,LONG
2026-08-11,DBA,27.75,27.75,27.56,27.59,480100,LONG
2026-08-11,DIA,539.91,541.72,536.91,537.28,2826800,BENCHMARK
2026-08-11,GLD,403.44,404.03,399.89,400.96,7439100,WATCH
2026-08-11,MOS,23.36,23.62,23.05,23.1,5964800,LONG
2026-08-11,NTR,66.505,67.44,66.22,67.28,3615900,LONG
2026-08-11,PDBA,37.06,37.12,36.81,36.85,51200,LONG
2026-08-11,QQQ,723.29,723.35,715.5,718.45,29286100,BENCHMARK
2026-08-11,SLV,58.67,58.99,58.16,58.55,13408900,WATCH
2026-08-11,SPY,774.53,774.61,769.2,770.56,36740600,BENCHMARK
2026-08-11,UNG,10.18,10.22,10.02,10.07,7628100,SHORT
2026-08-11,VIXY,19.49,19.55,19.29,19.3,1441400,WATCH
2026-08-11,WEAT,23.82,23.89,23.59,23.71,415800,LONG
2026-08-11,XLY,119.67,119.96,119.11,119.24,3788600,SHORT
2026-08-11,^VIX,15.42,15.61,15.23,15.28,0,WATCH
2026-08-12,ADM,80.0,80.78,79.27,79.73,4830200,WATCH
2026-08-12,BG,112.97,112.97,110.9,111.75,730700,WATCH
2026-08-12,CF,115.1666,119.564,113.2266,119.3948,3091400,LONG
2026-08-12,CORN,17.7,18.22,17.68,18.2,559900,LONG
2026-08-12,DBA,27.69,27.92,27.67,27.84,695200,LONG
2026-08-12,DIA,539.01,539.19,536.86,537.15,3167600,BENCHMARK
2026-08-12,GLD,405.31,407.36,403.22,404.92,10383100,WATCH
2026-08-12,MOS,23.07,23.07,22.35,22.6,5957800,LONG
2026-08-12,NTR,66.6,67.19,65.81,67.18,3845700,LONG
2026-08-12,PDBA,36.94,37.3,36.94,37.135,34900,LONG
2026-08-12,QQQ,727.08,727.25,722.92,723.7,29066000,BENCHMARK
2026-08-12,SLV,59.58,59.96,58.79,59.06,18592000,WATCH
2026-08-12,SPY,774.71,774.9,771.28,772.49,33179100,BENCHMARK
2026-08-12,UNG,10.25,10.3,10.17,10.2,8935200,SHORT
2026-08-12,VIXY,19.15,19.15,18.5,18.77,2327800,WATCH
2026-08-12,WEAT,24.13,24.45,24.13,24.36,798300,LONG
2026-08-12,XLY,119.32,119.32,117.55,117.89,4486900,SHORT
2026-08-12,^VIX,15.28,15.42,14.39,14.55,0,WATCH
2026-08-13,ADM,79.91,81.05,79.66,80.15,2686600,WATCH
2026-08-13,BG,112.12,113.9,112.12,112.73,787600,WATCH
2026-08-13,CF,117.0569,119.9321,115.4949,116.45,2065400,LONG
2026-08-13,CORN,18.07,18.19,17.89,17.91,318100,LONG
2026-08-13,DBA,27.77,27.82,27.59,27.62,484400,LONG
2026-08-13,DIA,538.7,539.97,535.69,537.91,2033100,BENCHMARK
2026-08-13,GLD,402.17,402.58,398.28,398.96,8695200,WATCH
2026-08-13,MOS,22.6,23.03,21.41,21.78,7908100,LONG
2026-08-13,NTR,67.24,67.64,66.59,67.47,2370900,LONG
2026-08-13,PDBA,37.05,37.12,36.82,36.85,27200,LONG
2026-08-13,QQQ,725.15,733.96,724.03,732.07,31599700,BENCHMARK
2026-08-13,SLV,58.81,58.88,58.01,58.16,11660000,WATCH
2026-08-13,SPY,774.87,779.37,774.11,777.88,35634500,BENCHMARK
2026-08-13,UNG,10.01,10.12,9.89,9.97,11804500,SHORT
2026-08-13,VIXY,18.69,18.95,18.62,18.86,1747100,WATCH
2026-08-13,WEAT,24.4,24.72,24.14,24.32,482700,LONG
2026-08-13,XLY,118.04,118.93,117.89,118.45,4521100,SHORT
2026-08-13,^VIX,14.68,14.8,14.39,14.63,0,WATCH
2026-08-14,ADM,80.44,81.06,79.86,80.45,2065600,WATCH
2026-08-14,BG,113.0,114.23,112.79,113.69,538200,WATCH
2026-08-14,CF,117.46,119.11,117.07,118.3,1277100,LONG
2026-08-14,CORN,18.14,18.29,18.05,18.26,201600,LONG
2026-08-14,DBA,27.65,27.79,27.63,27.77,450800,LONG
2026-08-14,DIA,537.41,538.28,536.2,536.8,2086300,BENCHMARK
2026-08-14,GLD,402.18,403.33,400.94,401.48,6744200,WATCH
2026-08-14,MOS,21.74,22.02,21.53,21.61,6031000,LONG
2026-08-14,NTR,67.99,68.61,67.65,68.24,1759800,LONG
2026-08-14,PDBA,36.97,37.14,36.86,37.105,39800,LONG
2026-08-14,QQQ,733.41,734.39,728.32,731.07,23748000,BENCHMARK
2026-08-14,SLV,58.83,59.37,58.42,58.48,10255500,WATCH
2026-08-14,SPY,778.54,778.8,775.43,776.34,31332500,BENCHMARK
2026-08-14,UNG,10.02,10.13,9.9,9.92,10801600,SHORT
2026-08-14,VIXY,18.71,18.89,18.58,18.63,2077300,WATCH
2026-08-14,WEAT,24.66,25.08,24.66,24.97,521200,LONG
2026-08-14,XLY,118.47,119.18,118.09,118.2,3839300,SHORT
2026-08-14,^VIX,14.64,14.72,14.18,14.25,0,WATCH
2026-08-17,ADM,79.883,81.2145,79.7737,80.7773,3468900,WATCH
2026-08-17,BG,112.5503,114.8061,112.5503,114.19,881900,WATCH
2026-08-17,CF,118.24,119.13,116.74,117.78,2030200,LONG
2026-08-17,CORN,18.34,18.54,18.3,18.46,453100,LONG
2026-08-17,DBA,27.86,28.16,27.85,28.14,867200,LONG
2026-08-17,DIA,534.5,535.98,533.49,534.19,2668100,BENCHMARK
2026-08-17,GLD,402.34,406.23,402.18,405.49,9604100,WATCH
2026-08-17,MOS,21.62,21.69,20.82,21.23,9230800,LONG
2026-08-17,NTR,68.41,68.86,67.955,68.29,1969900,LONG
2026-08-17,PDBA,37.18,37.56,37.18,37.5,80800,LONG
2026-08-17,QQQ,732.95,734.58,729.27,729.87,26452600,BENCHMARK
2026-08-17,SLV,59.0,60.15,58.95,59.57,12275100,WATCH
2026-08-17,SPY,776.18,776.78,772.51,772.67,34356600,BENCHMARK
2026-08-17,UNG,9.77,9.85,9.72,9.83,8701400,SHORT
2026-08-17,VIXY,18.62,19.64,18.54,18.82,2764500,WATCH
2026-08-17,WEAT,24.91,25.14,24.78,25.0,454900,LONG
2026-08-17,XLY,117.96,117.96,116.49,116.75,6884900,SHORT
2026-08-17,^VIX,14.98,15.47,14.89,15.19,0,WATCH
2026-08-18,ADM,81.6021,82.7448,80.4991,81.93,3513600,WATCH
2026-08-18,BG,115.45,115.45,113.88,114.36,1029200,WATCH
2026-08-18,CF,120.41,121.99,119.0,119.72,2438900,LONG
2026-08-18,CORN,18.55,18.58,18.41,18.42,463100,LONG
2026-08-18,DBA,28.19,28.24,28.01,28.03,1485300,LONG
2026-08-18,DIA,533.38,534.26,532.02,532.91,3825700,BENCHMARK
2026-08-18,GLD,402.55,404.32,397.87,398.55,10660900,WATCH
2026-08-18,MOS,21.23,21.43,21.05,21.14,5862900,LONG
2026-08-18,NTR,69.28,69.61,68.79,69.4,2240400,LONG
2026-08-18,PDBA,37.64,37.69,37.431,37.445,48500,LONG
2026-08-18,QQQ,720.21,722.13,715.92,717.51,48997200,BENCHMARK
2026-08-18,SLV,58.62,59.01,57.23,57.44,13479500,WATCH
2026-08-18,SPY,768.7,769.5,766.92,767.45,43920900,BENCHMARK
2026-08-18,UNG,9.91,10.1,9.84,10.1,9057100,SHORT
2026-08-18,VIXY,18.91,19.39,18.77,18.86,2596500,WATCH
2026-08-18,WEAT,25.1,25.17,24.69,24.71,449900,LONG
2026-08-18,XLY,116.7,117.58,116.07,116.36,5287000,SHORT
2026-08-18,^VIX,15.81,16.09,15.6,15.84,0,WATCH
2026-08-19,ADM,82.3,83.05,80.64,80.76,3510300,WATCH
2026-08-19,BG,115.0,116.06,113.78,114.0,1065700,WATCH
2026-08-19,CF,120.54,123.88,118.93,119.02,2349100,LONG
2026-08-19,CORN,18.54,18.77,18.52,18.76,477300,LONG
2026-08-19,DBA,28.15,28.4,28.15,28.29,740400,LONG
2026-08-19,DIA,534.8865,536.2354,533.138,533.8274,3062700,BENCHMARK
2026-08-19,GLD,408.81,414.0,407.47,413.84,17480700,WATCH
2026-08-19,MOS,21.64,22.53,21.6,22.23,8742000,LONG
2026-08-19,NTR,70.04,71.55,69.93,70.5,3511000,LONG
2026-08-19,PDBA,37.66,37.9,37.64,37.785,56300,LONG
2026-08-19,QQQ,720.39,721.5,712.61,716.08,35801700,BENCHMARK
2026-08-19,SLV,58.9,60.05,58.59,60.01,21288000,WATCH
2026-08-19,SPY,770.36,772.47,768.1,769.06,40306000,BENCHMARK
2026-08-19,UNG,10.29,10.33,10.0,10.01,11197300,SHORT
2026-08-19,VIXY,18.62,18.68,18.25,18.31,3800200,WATCH
2026-08-19,WEAT,24.81,25.45,24.81,25.34,536800,LONG
2026-08-19,XLY,116.9,119.06,116.73,118.59,7526400,SHORT
2026-08-19,^VIX,15.92,15.95,14.77,14.89,0,WATCH
2026-08-20,ADM,80.96,83.84,80.96,81.7,3388500,WATCH
2026-08-20,BG,114.43,118.57,114.0,116.57,904900,WATCH
2026-08-20,CF,121.59,129.18,121.5,125.7,3316000,LONG
2026-08-20,CORN,18.82,18.98,18.82,18.83,517000,LONG
2026-08-20,DBA,28.4,28.48,28.33,28.38,1363300,LONG
2026-08-20,DIA,529.9106,531.3395,526.7633,527.073,2868500,BENCHMARK
2026-08-20,GLD,410.08,416.45,409.82,415.26,13900900,WATCH
2026-08-20,MOS,22.46,23.45,22.31,23.35,12618800,LONG
2026-08-20,NTR,70.94,73.83,70.91,73.12,3172600,LONG
2026-08-20,PDBA,37.89,37.999,37.84,37.89,123400,LONG
2026-08-20,QQQ,712.09,714.94,708.52,710.93,33396400,BENCHMARK
2026-08-20,SLV,60.26,62.33,60.26,61.66,24147900,WATCH
2026-08-20,SPY,765.96,768.15,762.04,762.6,45520300,BENCHMARK
2026-08-20,UNG,10.0,10.01,9.83,10.01,10541700,SHORT
2026-08-20,VIXY,18.54,18.63,18.16,18.44,2922200,WATCH
2026-08-20,WEAT,25.53,25.7,25.29,25.38,534200,LONG
2026-08-20,XLY,117.05,117.4,116.38,116.68,5155600,SHORT
2026-08-20,^VIX,14.91,16.14,14.91,16.01,0,WATCH
2026-08-21,ADM,82.35,83.39,79.13,80.3,3959300,WATCH
2026-08-21,BG,117.85,118.74,110.76,113.11,1897700,WATCH
2026-08-21,CF,127.43,131.7,127.22,129.6,3900700,LONG
2026-08-21,CORN,18.83,19.05,18.83,19.01,698100,LONG
2026-08-21,DBA,28.36,28.36,28.14,28.32,1068000,LONG
2026-08-21,DIA,530.03,532.91,529.43,532.22,3034400,BENCHMARK
2026-08-21,GLD,420.53,424.89,419.42,423.36,14476700,WATCH
2026-08-21,MOS,23.77,24.76,23.55,24.41,13529800,LONG
2026-08-21,NTR,73.88,75.485,73.43,75.27,3036000,LONG
2026-08-21,PDBA,37.93,37.93,37.579,37.845,80800,LONG
2026-08-21,QQQ,715.23,715.67,709.2,713.44,33297600,BENCHMARK
2026-08-21,SLV,62.9,63.21,62.26,62.72,22756600,WATCH
2026-08-21,SPY,766.05,767.85,764.17,765.72,39030400,BENCHMARK
2026-08-21,UNG,10.07,10.13,9.99,9.99,7249800,SHORT
2026-08-21,VIXY,18.25,18.31,18.15,18.21,1656500,WATCH
2026-08-21,WEAT,25.37,25.47,25.19,25.41,385300,LONG
2026-08-21,XLY,117.44,118.43,116.74,118.02,6561400,SHORT
2026-08-21,^VIX,15.82,15.88,15.08,15.13,0,WATCH
2026-08-24,ADM,80.3,80.33,77.39,78.16,3496100,WATCH
2026-08-24,BG,113.31,113.31,109.07,110.16,1623500,WATCH
2026-08-24,CF,129.99,132.55,127.82,129.24,2034400,LONG
2026-08-24,CORN,19.34,19.48,19.12,19.22,867300,LONG
2026-08-24,DBA,28.33,28.34,28.17,28.3,967800,LONG
2026-08-24,DIA,531.83,534.48,531.83,533.65,4587500,BENCHMARK
2026-08-24,GLD,428.55,429.42,424.2,426.69,18943000,WATCH
2026-08-24,MOS,24.62,25.18,23.59,24.0,8719600,LONG
2026-08-24,NTR,75.21,76.11,73.481,74.29,2296300,LONG
2026-08-24,PDBA,38.0,38.0,37.63,37.77,106800,LONG
2026-08-24,QQQ,709.66,709.79,702.7,706.32,37443100,BENCHMARK
2026-08-24,SLV,62.81,63.03,61.73,62.2,19895200,WATCH
2026-08-24,SPY,764.78,765.22,762.08,763.47,32430900,BENCHMARK
2026-08-24,UNG,10.3,10.31,10.1,10.15,10193300,SHORT
2026-08-24,VIXY,18.11,18.26,18.06,18.24,1715200,WATCH
2026-08-24,WEAT,25.74,25.74,25.33,25.48,789100,LONG
2026-08-24,XLY,118.38,118.79,118.07,118.3,4662300,SHORT
2026-08-24,^VIX,15.9,16.06,15.61,15.85,0,WATCH
2026-08-25,ADM,77.54,79.64,75.86,79.16,4181322,WATCH
2026-08-25,BG,108.99,112.29,106.68,111.71,1722717,WATCH
2026-08-25,CF,126.44,128.93,125.755,127.26,2140223,LONG
2026-08-25,CORN,19.25,19.61,19.185,19.59,401369,LONG
2026-08-25,DBA,28.03,28.3,27.97,28.28,1066051,LONG
2026-08-25,DIA,536.37,536.395,533.185,535.24,2358542,BENCHMARK
2026-08-25,GLD,422.775,428.1399,422.33,428.07,12354226,WATCH
2026-08-25,MOS,23.77,24.4,23.665,24.27,5898256,LONG
2026-08-25,NTR,72.46,73.33,71.7761,72.84,2415056,LONG
2026-08-25,PDBA,37.43,37.7699,37.429,37.735,71637,LONG
2026-08-25,QQQ,711.27,714.04,707.45,710.72,23450911,BENCHMARK
2026-08-25,SLV,60.99,62.62,60.94,62.32,13947801,WATCH
2026-08-25,SPY,766.16,766.78,763.0501,765.91,27030487,BENCHMARK
2026-08-25,UNG,9.92,10.24,9.88,10.23,11604247,SHORT
2026-08-25,VIXY,18.1,18.32,17.905,18.01,1782201,WATCH
2026-08-25,WEAT,25.11,25.6599,25.05,25.63,444916,LONG
2026-08-25,XLY,118.41,118.57,117.75,117.95,4153716,SHORT
2026-08-25,^VIX,15.71,16.3,15.13,15.45,0,WATCH
